x-axis,1
second,Volt
-51.0000E-03,
-50.7500E-03,+30.9042E-03
-50.5000E-03,+30.8318E-03
-50.2500E-03,+35.4268E-03
-50.0000E-03,+33.2921E-03
-49.7500E-03,+30.2891E-03
-49.5000E-03,+31.7725E-03
-49.2500E-03,+30.5785E-03
-49.0000E-03,+34.1243E-03
-48.7500E-03,+32.9303E-03
-48.5000E-03,+35.2097E-03
-48.2500E-03,+33.2921E-03
-48.0000E-03,+33.6901E-03
-47.7500E-03,+28.9504E-03
-47.5000E-03,+30.0358E-03
-47.2500E-03,+33.5092E-03
-47.0000E-03,+32.6047E-03
-46.7500E-03,+28.9142E-03
-46.5000E-03,+34.4499E-03
-46.2500E-03,+31.4831E-03
-46.0000E-03,+35.2097E-03
-45.7500E-03,+30.4338E-03
-45.5000E-03,+31.3745E-03
-45.2500E-03,+34.8841E-03
-45.0000E-03,+29.6740E-03
-44.7500E-03,+34.4499E-03
-44.5000E-03,+30.9403E-03
-44.2500E-03,+30.2891E-03
-44.0000E-03,+32.4961E-03
-43.7500E-03,+31.4831E-03
-43.5000E-03,+33.7625E-03
-43.2500E-03,+32.7494E-03
-43.0000E-03,+30.1082E-03
-42.7500E-03,+27.8650E-03
-42.5000E-03,+29.8549E-03
-42.2500E-03,+27.8288E-03
-42.0000E-03,+34.7755E-03
-41.7500E-03,+27.4670E-03
-41.5000E-03,+29.3484E-03
-41.2500E-03,+27.6841E-03
-41.0000E-03,+30.3253E-03
-40.7500E-03,+31.4831E-03
-40.5000E-03,+27.2499E-03
-40.2500E-03,+36.4398E-03
-40.0000E-03,+32.3876E-03
-39.7500E-03,+28.3715E-03
-39.5000E-03,+30.6871E-03
-39.2500E-03,+29.6740E-03
-39.0000E-03,+29.6740E-03
-38.7500E-03,+27.5032E-03
-38.5000E-03,+29.5293E-03
-38.2500E-03,+30.6147E-03
-38.0000E-03,+30.5785E-03
-37.7500E-03,+28.1544E-03
-37.5000E-03,+31.4831E-03
-37.2500E-03,+29.6740E-03
-37.0000E-03,+30.5424E-03
-36.7500E-03,+31.0489E-03
-36.5000E-03,+28.5162E-03
-36.2500E-03,+29.3122E-03
-36.0000E-03,+30.7956E-03
-35.7500E-03,+34.7755E-03
-35.5000E-03,+32.8218E-03
-35.2500E-03,+32.2067E-03
-35.0000E-03,+32.3876E-03
-34.7500E-03,+30.3253E-03
-34.5000E-03,+33.2197E-03
-34.2500E-03,+31.4107E-03
-34.0000E-03,+30.5785E-03
-33.7500E-03,+32.2067E-03
-33.5000E-03,+32.3876E-03
-33.2500E-03,+30.6871E-03
-33.0000E-03,+32.6408E-03
-32.7500E-03,+29.7102E-03
-32.5000E-03,+32.0258E-03
-32.2500E-03,+28.7695E-03
-32.0000E-03,+30.9765E-03
-31.7500E-03,+32.4599E-03
-31.5000E-03,+29.3846E-03
-31.2500E-03,+29.6740E-03
-31.0000E-03,+29.0228E-03
-30.7500E-03,+32.0981E-03
-30.5000E-03,+30.1082E-03
-30.2500E-03,+29.3484E-03
-30.0000E-03,+28.9504E-03
-29.7500E-03,+33.8710E-03
-29.5000E-03,+33.7625E-03
-29.2500E-03,+31.8811E-03
-29.0000E-03,+31.4831E-03
-28.7500E-03,+29.4931E-03
-28.5000E-03,+31.9172E-03
-28.2500E-03,+32.7856E-03
-28.0000E-03,+25.4408E-03
-27.7500E-03,+31.7363E-03
-27.5000E-03,+30.5785E-03
-27.2500E-03,+27.7564E-03
-27.0000E-03,+31.2298E-03
-26.7500E-03,+29.6740E-03
-26.5000E-03,+30.5785E-03
-26.2500E-03,+31.1213E-03
-26.0000E-03,+31.4831E-03
-25.7500E-03,+31.0127E-03
-25.5000E-03,+29.6740E-03
-25.2500E-03,+33.2921E-03
-25.0000E-03,+30.5785E-03
-24.7500E-03,+28.1544E-03
-24.5000E-03,+30.9042E-03
-24.2500E-03,+30.1444E-03
-24.0000E-03,+31.4831E-03
-23.7500E-03,+31.3022E-03
-23.5000E-03,+30.5785E-03
-23.2500E-03,+29.7826E-03
-23.0000E-03,+28.7695E-03
-22.7500E-03,+34.8841E-03
-22.5000E-03,+29.1313E-03
-22.2500E-03,+33.5092E-03
-22.0000E-03,+29.6740E-03
-21.7500E-03,+34.1243E-03
-21.5000E-03,+33.7263E-03
-21.2500E-03,+32.0258E-03
-21.0000E-03,+29.1675E-03
-20.7500E-03,+31.4831E-03
-20.5000E-03,+30.4700E-03
-20.2500E-03,+31.4469E-03
-20.0000E-03,+28.5886E-03
-19.7500E-03,+31.9896E-03
-19.5000E-03,+30.9765E-03
-19.2500E-03,+33.6177E-03
-19.0000E-03,+28.0097E-03
-18.7500E-03,+32.3876E-03
-18.5000E-03,+29.9996E-03
-18.2500E-03,+29.1313E-03
-18.0000E-03,+30.6147E-03
-17.7500E-03,+33.2921E-03
-17.5000E-03,+30.0358E-03
-17.2500E-03,+31.4469E-03
-17.0000E-03,+31.2660E-03
-16.7500E-03,+32.4961E-03
-16.5000E-03,+29.8549E-03
-16.2500E-03,+31.1213E-03
-16.0000E-03,+32.4238E-03
-15.7500E-03,+33.7625E-03
-15.5000E-03,+33.0027E-03
-15.2500E-03,+33.7263E-03
-15.0000E-03,+33.1112E-03
-14.7500E-03,+27.4670E-03
-14.5000E-03,+34.8479E-03
-14.2500E-03,+29.5655E-03
-14.0000E-03,+29.6378E-03
-13.7500E-03,+30.9403E-03
-13.5000E-03,+30.7594E-03
-13.2500E-03,+29.6740E-03
-13.0000E-03,+29.6740E-03
-12.7500E-03,+33.3283E-03
-12.5000E-03,+32.3876E-03
-12.2500E-03,+29.6740E-03
-12.0000E-03,+34.2328E-03
-11.7500E-03,+33.6901E-03
-11.5000E-03,+30.4338E-03
-11.2500E-03,+34.5584E-03
-11.0000E-03,+27.0690E-03
-10.7500E-03,+28.2268E-03
-10.5000E-03,+31.8449E-03
-10.2500E-03,+30.9765E-03
-10.0000E-03,+30.9403E-03
-9.7500E-03,+28.0821E-03
-9.5000E-03,+28.0097E-03
-9.2500E-03,+32.1705E-03
-9.0000E-03,+30.0720E-03
-8.7500E-03,+26.2368E-03
-8.5000E-03,+30.0720E-03
-8.2500E-03,+32.3876E-03
-8.0000E-03,+29.4569E-03
-7.7500E-03,+30.5424E-03
-7.5000E-03,+35.1012E-03
-7.2500E-03,+28.4439E-03
-7.0000E-03,+28.7333E-03
-6.7500E-03,+31.5554E-03
-6.5000E-03,+32.8579E-03
-6.2500E-03,+31.4831E-03
-6.0000E-03,+26.3454E-03
-5.7500E-03,+30.8680E-03
-5.5000E-03,+32.8579E-03
-5.2500E-03,+27.8650E-03
-5.0000E-03,+31.6640E-03
-4.7500E-03,+30.5062E-03
-4.5000E-03,+27.0690E-03
-4.2500E-03,+29.9273E-03
-4.0000E-03,+30.5785E-03
-3.7500E-03,+29.6740E-03
-3.5000E-03,+31.0489E-03
-3.2500E-03,+34.9564E-03
-3.0000E-03,+32.4599E-03
-2.7500E-03,+30.3253E-03
-2.5000E-03,+32.0258E-03
-2.2500E-03,+33.4006E-03
-2.0000E-03,+28.1182E-03
-1.7500E-03,+29.5293E-03
-1.5000E-03,+27.9373E-03
-1.2500E-03,+34.7393E-03
-1.0000E-03,+30.2529E-03
-750.0E-06,+32.8218E-03
-500.0E-06,+33.0388E-03
-250.0E-06,+35.3906E-03
+0.0E+00,+715.3034E-03
+250.0E-06,+1.6712378E+00
+500.0E-06,+1.5052760E+00
+750.0E-06,+1.3640257E+00
+1.0000E-03,+1.2651433E+00
+1.2500E-03,+1.2151413E+00
+1.5000E-03,+1.1696619E+00
+1.7500E-03,+1.1210348E+00
+2.0000E-03,+1.0602147E+00
+2.2500E-03,+1.0074991E+00
+2.5000E-03,+967.6639E-03
+2.7500E-03,+928.9142E-03
+3.0000E-03,+886.5102E-03
+3.2500E-03,+850.4740E-03
+3.5000E-03,+815.4870E-03
+3.7500E-03,+781.3323E-03
+4.0000E-03,+746.6710E-03
+4.2500E-03,+723.3705E-03
+4.5000E-03,+686.9363E-03
+4.7500E-03,+669.8589E-03
+5.0000E-03,+417.3522E-03
+5.2500E-03,+675.4308E-03
+5.5000E-03,+690.8439E-03
+5.7500E-03,+706.7996E-03
+6.0000E-03,+720.6207E-03
+6.2500E-03,+741.5333E-03
+6.5000E-03,+756.6207E-03
+6.7500E-03,+771.4549E-03
+7.0000E-03,+800.3996E-03
+7.2500E-03,+823.4107E-03
+7.5000E-03,+843.9253E-03
+7.7500E-03,+878.5866E-03
+8.0000E-03,+911.4027E-03
+8.2500E-03,+947.4027E-03
+8.5000E-03,+977.2519E-03
+8.7500E-03,+1.0141564E+00
+9.0000E-03,+1.0484921E+00
+9.2500E-03,+1.1269685E+00
+9.5000E-03,+1.2279132E+00
+9.7500E-03,+1.3346469E+00
+10.0000E-03,+1.4353021E+00
+10.2500E-03,+1.3096096E+00
+10.5000E-03,+1.2022247E+00
+10.7500E-03,+1.0879654E+00
+11.0000E-03,+1.0133966E+00
+11.2500E-03,+958.2569E-03
+11.5000E-03,+922.6549E-03
+11.7500E-03,+880.1423E-03
+12.0000E-03,+830.6469E-03
+12.2500E-03,+786.2529E-03
+12.5000E-03,+750.5785E-03
+12.7500E-03,+715.4107E-03
+13.0000E-03,+685.5252E-03
+13.2500E-03,+659.5112E-03
+13.5000E-03,+624.6328E-03
+13.7500E-03,+612.5484E-03
+14.0000E-03,+597.5695E-03
+14.2500E-03,+576.1866E-03
+14.5000E-03,+556.3232E-03
+14.7500E-03,+533.8187E-03
+15.0000E-03,+371.9455E-03
+15.2500E-03,+508.4921E-03
+15.5000E-03,+533.0951E-03
+15.7500E-03,+548.2187E-03
+16.0000E-03,+565.6579E-03
+16.2500E-03,+583.4228E-03
+16.5000E-03,+597.6780E-03
+16.7500E-03,+629.1192E-03
+17.0000E-03,+654.4459E-03
+17.2500E-03,+668.7735E-03
+17.5000E-03,+686.1765E-03
+17.7500E-03,+713.6740E-03
+18.0000E-03,+741.8951E-03
+18.2500E-03,+768.0177E-03
+18.5000E-03,+789.0027E-03
+18.7500E-03,+814.7997E-03
+19.0000E-03,+834.5906E-03
+19.2500E-03,+891.4308E-03
+19.5000E-03,+976.2389E-03
+19.7500E-03,+1.0597806E+00
+20.0000E-03,+1.1339152E+00
+20.2500E-03,+1.0500478E+00
+20.5000E-03,+953.3724E-03
+20.7500E-03,+871.3142E-03
+21.0000E-03,+809.1192E-03
+21.2500E-03,+777.7142E-03
+21.5000E-03,+756.1142E-03
+21.7500E-03,+714.3253E-03
+22.0000E-03,+685.8871E-03
+22.2500E-03,+648.0418E-03
+22.5000E-03,+619.4227E-03
+22.7500E-03,+606.8680E-03
+23.0000E-03,+578.7554E-03
+23.2500E-03,+547.8569E-03
+23.5000E-03,+519.7443E-03
+23.7500E-03,+501.2921E-03
+24.0000E-03,+480.2710E-03
+24.2500E-03,+458.0921E-03
+24.5000E-03,+448.2147E-03
+24.7500E-03,+423.1413E-03
+25.0000E-03,+253.9959E-03
+25.2500E-03,+436.0941E-03
+25.5000E-03,+445.7906E-03
+25.7500E-03,+466.9926E-03
+26.0000E-03,+475.6037E-03
+26.2500E-03,+484.1062E-03
+26.5000E-03,+501.0388E-03
+26.7500E-03,+517.7183E-03
+27.0000E-03,+528.8982E-03
+27.2500E-03,+550.2087E-03
+27.5000E-03,+561.7142E-03
+27.7500E-03,+575.7162E-03
+28.0000E-03,+599.0529E-03
+28.2500E-03,+623.0047E-03
+28.5000E-03,+647.5715E-03
+28.7500E-03,+664.1062E-03
+29.0000E-03,+691.5313E-03
+29.2500E-03,+735.4550E-03
+29.5000E-03,+809.8067E-03
+29.7500E-03,+871.2057E-03
+30.0000E-03,+930.7594E-03
+30.2500E-03,+867.2619E-03
+30.5000E-03,+798.0117E-03
+30.7500E-03,+721.5976E-03
+31.0000E-03,+675.3946E-03
+31.2500E-03,+648.3675E-03
+31.5000E-03,+623.4388E-03
+31.7500E-03,+600.4640E-03
+32.0000E-03,+566.7795E-03
+32.2500E-03,+530.2368E-03
+32.5000E-03,+498.3976E-03
+32.7500E-03,+487.0730E-03
+33.0000E-03,+464.9665E-03
+33.2500E-03,+443.4750E-03
+33.5000E-03,+423.6479E-03
+33.7500E-03,+397.8147E-03
+34.0000E-03,+392.4238E-03
+34.2500E-03,+385.0790E-03
+34.5000E-03,+366.6629E-03
+34.7500E-03,+364.3112E-03
+35.0000E-03,+249.6540E-03
+35.2500E-03,+353.7826E-03
+35.5000E-03,+361.4891E-03
+35.7500E-03,+374.5142E-03
+36.0000E-03,+385.3685E-03
+36.2500E-03,+405.7745E-03
+36.5000E-03,+410.2971E-03
+36.7500E-03,+428.6408E-03
+37.0000E-03,+446.3333E-03
+37.2500E-03,+460.9504E-03
+37.5000E-03,+471.9856E-03
+37.7500E-03,+483.3464E-03
+38.0000E-03,+508.7816E-03
+38.2500E-03,+525.5333E-03
+38.5000E-03,+530.6710E-03
+38.7500E-03,+550.1363E-03
+39.0000E-03,+570.1444E-03
+39.2500E-03,+603.2137E-03
+39.5000E-03,+661.0670E-03
+39.7500E-03,+717.9796E-03
+40.0000E-03,+762.1564E-03
+40.2500E-03,+711.8288E-03
+40.5000E-03,+662.3694E-03
+40.7500E-03,+600.7534E-03
+41.0000E-03,+569.8911E-03
+41.2500E-03,+532.0458E-03
+41.5000E-03,+520.6489E-03
+41.7500E-03,+500.8217E-03
+42.0000E-03,+478.8237E-03
+42.2500E-03,+452.3031E-03
+42.5000E-03,+436.3474E-03
+42.7500E-03,+415.0730E-03
+43.0000E-03,+392.8218E-03
+43.2500E-03,+381.9675E-03
+43.5000E-03,+349.3685E-03
+43.7500E-03,+345.3524E-03
+44.0000E-03,+333.2680E-03
+44.2500E-03,+310.5102E-03
+44.5000E-03,+301.8629E-03
+44.7500E-03,+292.0579E-03
+45.0000E-03,+170.7798E-03
+45.2500E-03,+296.5444E-03
+45.5000E-03,+309.3162E-03
+45.7500E-03,+320.9303E-03
+46.0000E-03,+337.2117E-03
+46.2500E-03,+341.0107E-03
+46.5000E-03,+354.7595E-03
+46.7500E-03,+363.1172E-03
+47.0000E-03,+372.7775E-03
+47.2500E-03,+391.1213E-03
+47.5000E-03,+392.9303E-03
+47.7500E-03,+403.0248E-03
+48.0000E-03,+424.5524E-03
+48.2500E-03,+438.4821E-03
+48.5000E-03,+457.0791E-03
+48.7500E-03,+460.2268E-03
+49.0000E-03,+475.5313E-03
+49.2500E-03,+519.6720E-03
+49.5000E-03,+563.2338E-03
+49.7500E-03,+600.4278E-03
+50.0000E-03,+633.8951E-03
+50.2500E-03,+603.0690E-03
+50.5000E-03,+552.4880E-03
+50.7500E-03,+510.6267E-03
+51.0000E-03,+470.6830E-03
+51.2500E-03,+460.4077E-03
+51.5000E-03,+436.8539E-03
+51.7500E-03,+425.2760E-03
+52.0000E-03,+404.8700E-03
+52.2500E-03,+383.1976E-03
+52.5000E-03,+369.2318E-03
+52.7500E-03,+341.5896E-03
+53.0000E-03,+328.2026E-03
+53.2500E-03,+316.3353E-03
+53.5000E-03,+300.3795E-03
+53.7500E-03,+293.0710E-03
+54.0000E-03,+276.2107E-03
+54.2500E-03,+268.1062E-03
+54.5000E-03,+260.3273E-03
+54.7500E-03,+253.1635E-03
+55.0000E-03,+157.5734E-03
+55.2500E-03,+250.6308E-03
+55.5000E-03,+261.9916E-03
+55.7500E-03,+275.6318E-03
+56.0000E-03,+278.5263E-03
+56.2500E-03,+284.7494E-03
+56.5000E-03,+298.8238E-03
+56.7500E-03,+304.9745E-03
+57.0000E-03,+317.0951E-03
+57.2500E-03,+332.1102E-03
+57.5000E-03,+327.4429E-03
+57.7500E-03,+344.3755E-03
+58.0000E-03,+344.7735E-03
+58.2500E-03,+364.7816E-03
+58.5000E-03,+378.5303E-03
+58.7500E-03,+387.6841E-03
+59.0000E-03,+402.6630E-03
+59.2500E-03,+428.9665E-03
+59.5000E-03,+482.6590E-03
+59.7500E-03,+507.9856E-03
+60.0000E-03,+540.0057E-03
+60.2500E-03,+519.7805E-03
+60.5000E-03,+474.0479E-03
+60.7500E-03,+439.2418E-03
+61.0000E-03,+410.9122E-03
+61.2500E-03,+389.1313E-03
+61.5000E-03,+381.7866E-03
+61.7500E-03,+368.9062E-03
+62.0000E-03,+346.9805E-03
+62.2500E-03,+328.3474E-03
+62.5000E-03,+302.8398E-03
+62.7500E-03,+290.4660E-03
+63.0000E-03,+281.0951E-03
+63.2500E-03,+262.9323E-03
+63.5000E-03,+246.6147E-03
+63.7500E-03,+240.6087E-03
+64.0000E-03,+242.5986E-03
+64.2500E-03,+227.2941E-03
+64.5000E-03,+221.1795E-03
+64.7500E-03,+212.2790E-03
+65.0000E-03,+141.2922E-03
+65.2500E-03,+205.8027E-03
+65.5000E-03,+208.2630E-03
+65.7500E-03,+230.7675E-03
+66.0000E-03,+236.4117E-03
+66.2500E-03,+250.7393E-03
+66.5000E-03,+250.8479E-03
+66.7500E-03,+268.5765E-03
+67.0000E-03,+279.7564E-03
+67.2500E-03,+282.7595E-03
+67.5000E-03,+289.9956E-03
+67.7500E-03,+297.6298E-03
+68.0000E-03,+313.0067E-03
+68.2500E-03,+322.9564E-03
+68.5000E-03,+330.2650E-03
+68.7500E-03,+335.4027E-03
+69.0000E-03,+345.0630E-03
+69.2500E-03,+369.1956E-03
+69.5000E-03,+411.3102E-03
+69.7500E-03,+439.3142E-03
+70.0000E-03,+455.7041E-03
+70.2500E-03,+435.0449E-03
+70.5000E-03,+399.8046E-03
+70.7500E-03,+371.1132E-03
+71.0000E-03,+350.8881E-03
+71.2500E-03,+337.0308E-03
+71.5000E-03,+324.4036E-03
+71.7500E-03,+313.5494E-03
+72.0000E-03,+292.3474E-03
+72.2500E-03,+284.0258E-03
+72.5000E-03,+272.9906E-03
+72.7500E-03,+262.3172E-03
+73.0000E-03,+239.6680E-03
+73.2500E-03,+229.9353E-03
+73.5000E-03,+218.8278E-03
+73.7500E-03,+211.4830E-03
+74.0000E-03,+199.0007E-03
+74.2500E-03,+191.8007E-03
+74.5000E-03,+178.8479E-03
+74.7500E-03,+180.4037E-03
+75.0000E-03,+105.6541E-03
+75.2500E-03,+188.8700E-03
+75.5000E-03,+204.0298E-03
+75.7500E-03,+209.4570E-03
+76.0000E-03,+207.2137E-03
+76.2500E-03,+213.4730E-03
+76.5000E-03,+224.1102E-03
+76.7500E-03,+228.1263E-03
+77.0000E-03,+238.1122E-03
+77.2500E-03,+237.8228E-03
+77.5000E-03,+238.0760E-03
+77.7500E-03,+252.6569E-03
+78.0000E-03,+250.1243E-03
+78.2500E-03,+266.7313E-03
+78.5000E-03,+273.7142E-03
+78.7500E-03,+282.2167E-03
+79.0000E-03,+307.6881E-03
+79.2500E-03,+326.3213E-03
+79.5000E-03,+361.3444E-03
+79.7500E-03,+391.0851E-03
+80.0000E-03,+411.5635E-03
+80.2500E-03,+393.1112E-03
+80.5000E-03,+357.3644E-03
+80.7500E-03,+335.1494E-03
+81.0000E-03,+305.1192E-03
+81.2500E-03,+299.2217E-03
+81.5000E-03,+279.5755E-03
+81.7500E-03,+263.7282E-03
+82.0000E-03,+255.4067E-03
+82.2500E-03,+235.2539E-03
+82.5000E-03,+231.9253E-03
+82.7500E-03,+202.6549E-03
+83.0000E-03,+200.3755E-03
+83.2500E-03,+195.0569E-03
+83.5000E-03,+182.2127E-03
+83.7500E-03,+177.8348E-03
+84.0000E-03,+174.9042E-03
+84.2500E-03,+173.4931E-03
+84.5000E-03,+162.8559E-03
+84.7500E-03,+157.9353E-03
+85.0000E-03,+104.0258E-03
+85.2500E-03,+146.5745E-03
+85.5000E-03,+155.1494E-03
+85.7500E-03,+157.4288E-03
+86.0000E-03,+170.7072E-03
+86.2500E-03,+170.9605E-03
+86.5000E-03,+184.7091E-03
+86.7500E-03,+190.5705E-03
+87.0000E-03,+203.0891E-03
+87.2500E-03,+208.4439E-03
+87.5000E-03,+216.9102E-03
+87.7500E-03,+236.6650E-03
+88.0000E-03,+235.9414E-03
+88.2500E-03,+249.0027E-03
+88.5000E-03,+249.9072E-03
+88.7500E-03,+254.3574E-03
+89.0000E-03,+270.5303E-03
+89.2500E-03,+282.9403E-03
+89.5000E-03,+308.5926E-03
+89.7500E-03,+330.8800E-03
+90.0000E-03,+348.2469E-03
+90.2500E-03,+323.6439E-03
+90.5000E-03,+296.2187E-03
+90.7500E-03,+276.7534E-03
+91.0000E-03,+253.9232E-03
+91.2500E-03,+242.7795E-03
+91.5000E-03,+243.5031E-03
+91.7500E-03,+231.9977E-03
+92.0000E-03,+220.4197E-03
+92.2500E-03,+216.9464E-03
+92.5000E-03,+199.5433E-03
+92.7500E-03,+197.1554E-03
+93.0000E-03,+184.8539E-03
+93.2500E-03,+175.5554E-03
+93.5000E-03,+174.2891E-03
+93.7500E-03,+162.6388E-03
+94.0000E-03,+152.6529E-03
+94.2500E-03,+139.1213E-03
+94.5000E-03,+134.1283E-03
+94.7500E-03,+129.0268E-03
+95.0000E-03,+74.3576E-03
+95.2500E-03,+149.2519E-03
+95.5000E-03,+140.0981E-03
+95.7500E-03,+156.7052E-03
+96.0000E-03,+158.8399E-03
+96.2500E-03,+160.2871E-03
+96.5000E-03,+160.2871E-03
+96.7500E-03,+171.6478E-03
+97.0000E-03,+173.8911E-03
+97.2500E-03,+172.0820E-03
+97.5000E-03,+175.6640E-03
+97.7500E-03,+175.7001E-03
+98.0000E-03,+198.6750E-03
+98.2500E-03,+202.4378E-03
+98.5000E-03,+213.0027E-03
+98.7500E-03,+216.3675E-03
+99.0000E-03,+231.5635E-03
+99.2500E-03,+261.9193E-03
+99.5000E-03,+278.5987E-03
+99.7500E-03,+304.8298E-03
+100.0000E-03,+323.6438E-03
+100.2500E-03,+297.3403E-03
+100.5000E-03,+282.1081E-03
+100.7500E-03,+255.6961E-03
+101.0000E-03,+232.3956E-03
+101.2500E-03,+217.6338E-03
+101.5000E-03,+208.5162E-03
+101.7500E-03,+200.5926E-03
+102.0000E-03,+188.6891E-03
+102.2500E-03,+169.0066E-03
+102.5000E-03,+157.5735E-03
+102.7500E-03,+161.7705E-03
+103.0000E-03,+154.5343E-03
+103.2500E-03,+144.3674E-03
+103.5000E-03,+141.3645E-03
+103.7500E-03,+139.8449E-03
+104.0000E-03,+139.4830E-03
+104.2500E-03,+135.2499E-03
+104.5000E-03,+129.6780E-03
+104.7500E-03,+127.3986E-03
+105.0000E-03,+73.8146E-03
+105.2500E-03,+106.3414E-03
+105.5000E-03,+108.8017E-03
+105.7500E-03,+121.0308E-03
+106.0000E-03,+120.5605E-03
+106.2500E-03,+134.5986E-03
+106.5000E-03,+134.7796E-03
+106.7500E-03,+141.4368E-03
+107.0000E-03,+151.9293E-03
+107.2500E-03,+166.7273E-03
+107.5000E-03,+167.1615E-03
+107.7500E-03,+179.6438E-03
+108.0000E-03,+187.2057E-03
+108.2500E-03,+198.4580E-03
+108.5000E-03,+195.3464E-03
+108.7500E-03,+200.2670E-03
+109.0000E-03,+206.2730E-03
+109.2500E-03,+218.0318E-03
+109.5000E-03,+249.2198E-03
+109.7500E-03,+245.6016E-03
+110.0000E-03,+261.5936E-03
+110.2500E-03,+249.9072E-03
+110.5000E-03,+233.9514E-03
+110.7500E-03,+208.0097E-03
+111.0000E-03,+195.1655E-03
+111.2500E-03,+189.4127E-03
+111.5000E-03,+172.2991E-03
+111.7500E-03,+179.8248E-03
+112.0000E-03,+174.7233E-03
+112.2500E-03,+165.6780E-03
+112.5000E-03,+162.6388E-03
+112.7500E-03,+156.4881E-03
+113.0000E-03,+149.9393E-03
+113.2500E-03,+144.0057E-03
+113.5000E-03,+139.8810E-03
+113.7500E-03,+123.5634E-03
+114.0000E-03,+122.5142E-03
+114.2500E-03,+114.9524E-03
+114.5000E-03,+111.0811E-03
+114.7500E-03,+104.0620E-03
+115.0000E-03,+71.2822E-03
+115.2500E-03,+122.1524E-03
+115.5000E-03,+117.1595E-03
+115.7500E-03,+123.6720E-03
+116.0000E-03,+127.6881E-03
+116.2500E-03,+125.1916E-03
+116.5000E-03,+129.2439E-03
+116.7500E-03,+125.0107E-03
+117.0000E-03,+136.1906E-03
+117.2500E-03,+132.9343E-03
+117.5000E-03,+134.5986E-03
+117.7500E-03,+136.5886E-03
+118.0000E-03,+150.3012E-03
+118.2500E-03,+159.0207E-03
+118.5000E-03,+170.2006E-03
+118.7500E-03,+181.6338E-03
+119.0000E-03,+185.6861E-03
+119.2500E-03,+195.5997E-03
+119.5000E-03,+213.9072E-03
+119.7500E-03,+239.3424E-03
+120.0000E-03,+253.9956E-03
+120.2500E-03,+224.2549E-03
+120.5000E-03,+217.2720E-03
+120.7500E-03,+199.2177E-03
+121.0000E-03,+174.9765E-03
+121.2500E-03,+165.1715E-03
+121.5000E-03,+150.3374E-03
+121.7500E-03,+150.6629E-03
+122.0000E-03,+133.5494E-03
+122.2500E-03,+130.1122E-03
+122.5000E-03,+125.0107E-03
+122.7500E-03,+124.2147E-03
+123.0000E-03,+117.0509E-03
+123.2500E-03,+115.2057E-03
+123.5000E-03,+122.9122E-03
+123.7500E-03,+104.9303E-03
+124.0000E-03,+110.6107E-03
+124.2500E-03,+113.3243E-03
+124.5000E-03,+105.9072E-03
+124.7500E-03,+96.7173E-03
+125.0000E-03,+50.4782E-03
+125.2500E-03,+89.6982E-03
+125.5000E-03,+88.1423E-03
+125.7500E-03,+93.8589E-03
+126.0000E-03,+91.9776E-03
+126.2500E-03,+99.6841E-03
+126.5000E-03,+102.9042E-03
+126.7500E-03,+117.0148E-03
+127.0000E-03,+116.0740E-03
+127.2500E-03,+123.8167E-03
+127.5000E-03,+129.1715E-03
+127.7500E-03,+139.5193E-03
+128.0000E-03,+148.3112E-03
+128.2500E-03,+156.3072E-03
+128.5000E-03,+154.2811E-03
+128.7500E-03,+168.7896E-03
+129.0000E-03,+171.9011E-03
+129.2500E-03,+176.8579E-03
+129.5000E-03,+194.5142E-03
+129.7500E-03,+205.8389E-03
+130.0000E-03,+212.2067E-03
+130.2500E-03,+196.1785E-03
+130.5000E-03,+184.0217E-03
+130.7500E-03,+166.0398E-03
+131.0000E-03,+146.6469E-03
+131.2500E-03,+133.6941E-03
+131.5000E-03,+139.5916E-03
+131.7500E-03,+131.5232E-03
+132.0000E-03,+135.4308E-03
+132.2500E-03,+119.3665E-03
+132.5000E-03,+125.7343E-03
+132.7500E-03,+122.0801E-03
+133.0000E-03,+121.7182E-03
+133.2500E-03,+108.7655E-03
+133.5000E-03,+113.2157E-03
+133.7500E-03,+108.7293E-03
+134.0000E-03,+95.4509E-03
+134.2500E-03,+93.8951E-03
+134.5000E-03,+87.8529E-03
+134.7500E-03,+88.4318E-03
+135.0000E-03,+58.2571E-03
+135.2500E-03,+95.4871E-03
+135.5000E-03,+97.4047E-03
+135.7500E-03,+98.5263E-03
+136.0000E-03,+97.4047E-03
+136.2500E-03,+94.2569E-03
+136.5000E-03,+86.4057E-03
+136.7500E-03,+94.7273E-03
+137.0000E-03,+97.4770E-03
+137.2500E-03,+101.0590E-03
+137.5000E-03,+108.3675E-03
+137.7500E-03,+117.5936E-03
+138.0000E-03,+126.4579E-03
+138.2500E-03,+129.4971E-03
+138.5000E-03,+139.1936E-03
+138.7500E-03,+145.8147E-03
+139.0000E-03,+151.0972E-03
+139.2500E-03,+165.4972E-03
+139.5000E-03,+177.9796E-03
+139.7500E-03,+185.2158E-03
+140.0000E-03,+189.4127E-03
+140.2500E-03,+180.9464E-03
+140.5000E-03,+164.9906E-03
+140.7500E-03,+142.3413E-03
+141.0000E-03,+130.7273E-03
+141.2500E-03,+125.9152E-03
+141.5000E-03,+123.4188E-03
+141.7500E-03,+113.5413E-03
+142.0000E-03,+110.0680E-03
+142.2500E-03,+110.9725E-03
+142.5000E-03,+103.6640E-03
+142.7500E-03,+95.3785E-03
+143.0000E-03,+106.8841E-03
+143.2500E-03,+98.4177E-03
+143.5000E-03,+96.8981E-03
+143.7500E-03,+91.1816E-03
+144.0000E-03,+98.4539E-03
+144.2500E-03,+86.9484E-03
+144.5000E-03,+85.4288E-03
+144.7500E-03,+78.0117E-03
+145.0000E-03,+45.9556E-03
+145.2500E-03,+71.4992E-03
+145.5000E-03,+79.3142E-03
+145.7500E-03,+69.4730E-03
+146.0000E-03,+76.2027E-03
+146.2500E-03,+73.6338E-03
+146.5000E-03,+78.5182E-03
+146.7500E-03,+80.3635E-03
+147.0000E-03,+84.2348E-03
+147.2500E-03,+96.5002E-03
+147.5000E-03,+94.6188E-03
+147.7500E-03,+103.3746E-03
+148.0000E-03,+110.1404E-03
+148.2500E-03,+122.7313E-03
+148.5000E-03,+126.1323E-03
+148.7500E-03,+131.8851E-03
+149.0000E-03,+137.5294E-03
+149.2500E-03,+146.1766E-03
+149.5000E-03,+161.9153E-03
+149.7500E-03,+170.3092E-03
+150.0000E-03,+171.6841E-03
+150.2500E-03,+163.9775E-03
+150.5000E-03,+145.1635E-03
+150.7500E-03,+134.0559E-03
+151.0000E-03,+120.2348E-03
+151.2500E-03,+109.0911E-03
+151.5000E-03,+107.5353E-03
+151.7500E-03,+101.0951E-03
+152.0000E-03,+97.8750E-03
+152.2500E-03,+99.9373E-03
+152.5000E-03,+98.7796E-03
+152.7500E-03,+92.0499E-03
+153.0000E-03,+92.3755E-03
+153.2500E-03,+89.9514E-03
+153.5000E-03,+85.7544E-03
+153.7500E-03,+86.6590E-03
+154.0000E-03,+88.3956E-03
+154.2500E-03,+80.3273E-03
+154.5000E-03,+79.2057E-03
+154.7500E-03,+80.9424E-03
+155.0000E-03,+46.6789E-03
+155.2500E-03,+79.2418E-03
+155.5000E-03,+74.0680E-03
+155.7500E-03,+72.1504E-03
+156.0000E-03,+73.8509E-03
+156.2500E-03,+68.5685E-03
+156.5000E-03,+84.7414E-03
+156.7500E-03,+81.4489E-03
+157.0000E-03,+83.5474E-03
+157.2500E-03,+89.2278E-03
+157.5000E-03,+99.5031E-03
+157.7500E-03,+99.5032E-03
+158.0000E-03,+100.6609E-03
+158.2500E-03,+113.6861E-03
+158.5000E-03,+114.0117E-03
+158.7500E-03,+112.3474E-03
+159.0000E-03,+114.5907E-03
+159.2500E-03,+129.0991E-03
+159.5000E-03,+132.2831E-03
+159.7500E-03,+149.7222E-03
+160.0000E-03,+147.8046E-03
+160.2500E-03,+140.4238E-03
+160.5000E-03,+127.7243E-03
+160.7500E-03,+109.6338E-03
+161.0000E-03,+101.3122E-03
+161.2500E-03,+100.7695E-03
+161.5000E-03,+97.5856E-03
+161.7500E-03,+94.7635E-03
+162.0000E-03,+94.0036E-03
+162.2500E-03,+89.2639E-03
+162.5000E-03,+88.4680E-03
+162.7500E-03,+87.5273E-03
+163.0000E-03,+82.0277E-03
+163.2500E-03,+91.6157E-03
+163.5000E-03,+86.2609E-03
+163.7500E-03,+77.0710E-03
+164.0000E-03,+76.0218E-03
+164.2500E-03,+70.8117E-03
+164.5000E-03,+62.5986E-03
+164.7500E-03,+61.7303E-03
+165.0000E-03,+40.3475E-03
+165.2500E-03,+70.3414E-03
+165.5000E-03,+66.9765E-03
+165.7500E-03,+71.7162E-03
+166.0000E-03,+72.4761E-03
+166.2500E-03,+72.1866E-03
+166.5000E-03,+73.1272E-03
+166.7500E-03,+72.5121E-03
+167.0000E-03,+73.8871E-03
+167.2500E-03,+75.9132E-03
+167.5000E-03,+82.6791E-03
+167.7500E-03,+84.9585E-03
+168.0000E-03,+91.1454E-03
+168.2500E-03,+95.7403E-03
+168.5000E-03,+104.1343E-03
+168.7500E-03,+99.3223E-03
+169.0000E-03,+116.3997E-03
+169.2500E-03,+117.0871E-03
+169.5000E-03,+134.7434E-03
+169.7500E-03,+138.1444E-03
+170.0000E-03,+137.4931E-03
+170.2500E-03,+136.1544E-03
+170.5000E-03,+122.6951E-03
+170.7500E-03,+106.8117E-03
+171.0000E-03,+105.4368E-03
+171.2500E-03,+89.5535E-03
+171.5000E-03,+90.7112E-03
+171.7500E-03,+84.1625E-03
+172.0000E-03,+81.7022E-03
+172.2500E-03,+78.9886E-03
+172.5000E-03,+73.2720E-03
+172.7500E-03,+76.9263E-03
+173.0000E-03,+77.2519E-03
+173.2500E-03,+71.2821E-03
+173.5000E-03,+71.5353E-03
+173.7500E-03,+76.8901E-03
+174.0000E-03,+74.2489E-03
+174.2500E-03,+73.3444E-03
+174.5000E-03,+65.5655E-03
+174.7500E-03,+67.6278E-03
+175.0000E-03,+36.0058E-03
+175.2500E-03,+57.1353E-03
+175.5000E-03,+58.3293E-03
+175.7500E-03,+57.2077E-03
+176.0000E-03,+58.5464E-03
+176.2500E-03,+59.7042E-03
+176.5000E-03,+66.6147E-03
+176.7500E-03,+69.9434E-03
+177.0000E-03,+68.3152E-03
+177.2500E-03,+76.9986E-03
+177.5000E-03,+78.6992E-03
+177.7500E-03,+82.5343E-03
+178.0000E-03,+85.1394E-03
+178.2500E-03,+89.8066E-03
+178.5000E-03,+93.4248E-03
+178.7500E-03,+96.7896E-03
+179.0000E-03,+93.9675E-03
+179.2500E-03,+96.0660E-03
+179.5000E-03,+111.8409E-03
+179.7500E-03,+115.4590E-03
+180.0000E-03,+112.8901E-03
+180.2500E-03,+112.1303E-03
+180.5000E-03,+105.4006E-03
+180.7500E-03,+90.6388E-03
+181.0000E-03,+84.3796E-03
+181.2500E-03,+94.7996E-03
+181.5000E-03,+81.0147E-03
+181.7500E-03,+76.6368E-03
+182.0000E-03,+81.2318E-03
+182.2500E-03,+80.0740E-03
+182.5000E-03,+79.2418E-03
+182.7500E-03,+80.1825E-03
+183.0000E-03,+71.5714E-03
+183.2500E-03,+75.4429E-03
+183.5000E-03,+68.1705E-03
+183.7500E-03,+65.3122E-03
+184.0000E-03,+57.2439E-03
+184.2500E-03,+64.9504E-03
+184.5000E-03,+55.6881E-03
+184.7500E-03,+55.7243E-03
+185.0000E-03,+43.4229E-03
+185.2500E-03,+67.8449E-03
+185.5000E-03,+62.3815E-03
+185.7500E-03,+65.0589E-03
+186.0000E-03,+55.0368E-03
+186.2500E-03,+58.6187E-03
+186.5000E-03,+66.3615E-03
+186.7500E-03,+59.9574E-03
+187.0000E-03,+62.5624E-03
+187.2500E-03,+71.3544E-03
+187.5000E-03,+64.0459E-03
+187.7500E-03,+65.4931E-03
+188.0000E-03,+72.1142E-03
+188.2500E-03,+75.2257E-03
+188.5000E-03,+79.6760E-03
+188.7500E-03,+81.0509E-03
+189.0000E-03,+91.0730E-03
+189.2500E-03,+101.2761E-03
+189.5000E-03,+104.1704E-03
+189.7500E-03,+113.6137E-03
+190.0000E-03,+124.2871E-03
+190.2500E-03,+109.4529E-03
+190.5000E-03,+105.9071E-03
+190.7500E-03,+98.6348E-03
+191.0000E-03,+85.9353E-03
+191.2500E-03,+83.5835E-03
+191.5000E-03,+84.2348E-03
+191.7500E-03,+70.7755E-03
+192.0000E-03,+69.0388E-03
+192.2500E-03,+72.1504E-03
+192.5000E-03,+59.3424E-03
+192.7500E-03,+59.3423E-03
+193.0000E-03,+57.6780E-03
+193.2500E-03,+57.3163E-03
+193.5000E-03,+59.3785E-03
+193.7500E-03,+60.4278E-03
+194.0000E-03,+64.0821E-03
+194.2500E-03,+64.9142E-03
+194.5000E-03,+62.2006E-03
+194.7500E-03,+64.8780E-03
+195.0000E-03,+28.4078E-03
+195.2500E-03,+47.6921E-03
+195.5000E-03,+44.1464E-03
+195.7500E-03,+50.8760E-03
+196.0000E-03,+48.8861E-03
+196.2500E-03,+51.9253E-03
+196.5000E-03,+56.4117E-03
+196.7500E-03,+57.2439E-03
+197.0000E-03,+66.9042E-03
+197.2500E-03,+61.7665E-03
+197.5000E-03,+69.8348E-03
+197.7500E-03,+72.1142E-03
+198.0000E-03,+79.8207E-03
+198.2500E-03,+79.2057E-03
+198.5000E-03,+76.9262E-03
+198.7500E-03,+75.6237E-03
+199.0000E-03,+76.2026E-03
+199.2500E-03,+77.6499E-03
+199.5000E-03,+85.6821E-03
+199.7500E-03,+87.3826E-03
+200.0000E-03,+82.1364E-03
+200.2500E-03,+88.7212E-03
+200.5000E-03,+86.9484E-03
+200.7500E-03,+78.2650E-03
+201.0000E-03,+79.0247E-03
+201.2500E-03,+76.5283E-03
+201.5000E-03,+80.9423E-03
+201.7500E-03,+75.9132E-03
+202.0000E-03,+71.1011E-03
+202.2500E-03,+69.7987E-03
+202.5000E-03,+68.9303E-03
+202.7500E-03,+68.2791E-03
+203.0000E-03,+63.7564E-03
+203.2500E-03,+58.9805E-03
+203.5000E-03,+56.5202E-03
+203.7500E-03,+55.9052E-03
+204.0000E-03,+47.8730E-03
+204.2500E-03,+51.2740E-03
+204.5000E-03,+51.4911E-03
+204.7500E-03,+45.2680E-03
+205.0000E-03,+25.8750E-03
+205.2500E-03,+51.7805E-03
+205.5000E-03,+55.4710E-03
+205.7500E-03,+55.8690E-03
+206.0000E-03,+51.3826E-03
+206.2500E-03,+54.0962E-03
+206.5000E-03,+50.0077E-03
+206.7500E-03,+57.0991E-03
+207.0000E-03,+54.1685E-03
+207.2500E-03,+54.0961E-03
+207.5000E-03,+54.0961E-03
+207.7500E-03,+49.9354E-03
+208.0000E-03,+58.8358E-03
+208.2500E-03,+62.3816E-03
+208.5000E-03,+64.6610E-03
+208.7500E-03,+64.5886E-03
+209.0000E-03,+72.4760E-03
+209.2500E-03,+83.4751E-03
+209.5000E-03,+79.2780E-03
+209.7500E-03,+92.8097E-03
+210.0000E-03,+90.8197E-03
+210.2500E-03,+90.1685E-03
+210.5000E-03,+80.5806E-03
+210.7500E-03,+77.4690E-03
+211.0000E-03,+73.9233E-03
+211.2500E-03,+72.7293E-03
+211.5000E-03,+69.7986E-03
+211.7500E-03,+59.1976E-03
+212.0000E-03,+67.0127E-03
+212.2500E-03,+51.8529E-03
+212.5000E-03,+55.9051E-03
+212.7500E-03,+50.7675E-03
+213.0000E-03,+46.7875E-03
+213.2500E-03,+48.3072E-03
+213.5000E-03,+50.4780E-03
+213.7500E-03,+47.4026E-03
+214.0000E-03,+51.8168E-03
+214.2500E-03,+47.6197E-03
+214.5000E-03,+49.2840E-03
+214.7500E-03,+48.8861E-03
+215.0000E-03,+27.5032E-03
+215.2500E-03,+34.6308E-03
+215.5000E-03,+40.9986E-03
+215.7500E-03,+43.8570E-03
+216.0000E-03,+44.7614E-03
+216.2500E-03,+51.2017E-03
+216.5000E-03,+52.5765E-03
+216.7500E-03,+54.2047E-03
+217.0000E-03,+51.0208E-03
+217.2500E-03,+56.8820E-03
+217.5000E-03,+60.7896E-03
+217.7500E-03,+58.7997E-03
+218.0000E-03,+61.8027E-03
+218.2500E-03,+66.2167E-03
+218.5000E-03,+61.2237E-03
+218.7500E-03,+51.3826E-03
+219.0000E-03,+55.7605E-03
+219.2500E-03,+61.9474E-03
+219.5000E-03,+60.9705E-03
+219.7500E-03,+73.4891E-03
+220.0000E-03,+71.8248E-03
+220.2500E-03,+67.1213E-03
+220.5000E-03,+75.8047E-03
+220.7500E-03,+66.7594E-03
+221.0000E-03,+61.4409E-03
+221.2500E-03,+65.8550E-03
+221.5000E-03,+64.0459E-03
+221.7500E-03,+69.4006E-03
+222.0000E-03,+62.3092E-03
+222.2500E-03,+62.2730E-03
+222.5000E-03,+56.8097E-03
+222.7500E-03,+56.9906E-03
+223.0000E-03,+53.3363E-03
+223.2500E-03,+49.5735E-03
+223.5000E-03,+48.6690E-03
+223.7500E-03,+48.1263E-03
+224.0000E-03,+39.9494E-03
+224.2500E-03,+37.8147E-03
+224.5000E-03,+39.9494E-03
+224.7500E-03,+35.5715E-03
+225.0000E-03,+17.0109E-03
+225.2500E-03,+55.8329E-03
+225.5000E-03,+52.9746E-03
+225.7500E-03,+50.2248E-03
+226.0000E-03,+50.4780E-03
+226.2500E-03,+51.0207E-03
+226.5000E-03,+48.0178E-03
+226.7500E-03,+56.3393E-03
+227.0000E-03,+51.1293E-03
+227.2500E-03,+50.3695E-03
+227.5000E-03,+50.1163E-03
+227.7500E-03,+50.7674E-03
+228.0000E-03,+50.1886E-03
+228.2500E-03,+49.2841E-03
+228.5000E-03,+50.1163E-03
+228.7500E-03,+50.6590E-03
+229.0000E-03,+57.7142E-03
+229.2500E-03,+62.7434E-03
+229.5000E-03,+68.3153E-03
+229.7500E-03,+76.2751E-03
+230.0000E-03,+78.1564E-03
+230.2500E-03,+71.6077E-03
+230.5000E-03,+76.6369E-03
+230.7500E-03,+70.1242E-03
+231.0000E-03,+72.5122E-03
+231.2500E-03,+60.4278E-03
+231.5000E-03,+61.5132E-03
+231.7500E-03,+54.0599E-03
+232.0000E-03,+54.0237E-03
+232.2500E-03,+54.9283E-03
+232.5000E-03,+44.1464E-03
+232.7500E-03,+43.1695E-03
+233.0000E-03,+48.7775E-03
+233.2500E-03,+40.1303E-03
+233.5000E-03,+37.1996E-03
+233.7500E-03,+39.0811E-03
+234.0000E-03,+42.2650E-03
+234.2500E-03,+36.5846E-03
+234.5000E-03,+41.1434E-03
+234.7500E-03,+40.4559E-03
+235.0000E-03,+22.4378E-03
+235.2500E-03,+35.4991E-03
+235.5000E-03,+31.4831E-03
+235.7500E-03,+43.1333E-03
+236.0000E-03,+46.7152E-03
+236.2500E-03,+44.1463E-03
+236.5000E-03,+49.1755E-03
+236.7500E-03,+46.4619E-03
+237.0000E-03,+51.6359E-03
+237.2500E-03,+54.1323E-03
+237.5000E-03,+50.4781E-03
+237.7500E-03,+49.9714E-03
+238.0000E-03,+44.3272E-03
+238.2500E-03,+46.7876E-03
+238.5000E-03,+50.1524E-03
+238.7500E-03,+49.2117E-03
+239.0000E-03,+47.7283E-03
+239.2500E-03,+49.8991E-03
+239.5000E-03,+60.2108E-03
+239.7500E-03,+61.9836E-03
+240.0000E-03,+64.5886E-03
+240.2500E-03,+62.9966E-03
+240.5000E-03,+56.4118E-03
+240.7500E-03,+56.1222E-03
+241.0000E-03,+61.3323E-03
+241.2500E-03,+56.9906E-03
+241.5000E-03,+58.4378E-03
+241.7500E-03,+54.6388E-03
+242.0000E-03,+50.1524E-03
+242.2500E-03,+51.4187E-03
+242.5000E-03,+47.0408E-03
+242.7500E-03,+42.4820E-03
+243.0000E-03,+37.3082E-03
+243.2500E-03,+38.4298E-03
+243.5000E-03,+39.7324E-03
+243.7500E-03,+36.0057E-03
+244.0000E-03,+35.7162E-03
+244.2500E-03,+35.7162E-03
+244.5000E-03,+36.0781E-03
+244.7500E-03,+37.5615E-03
+245.0000E-03,+17.0108E-03
+245.2500E-03,+36.9826E-03
+245.5000E-03,+45.7384E-03
+245.7500E-03,+41.8308E-03
+246.0000E-03,+42.7353E-03
+246.2500E-03,+46.8600E-03
+246.5000E-03,+46.4258E-03
+246.7500E-03,+46.0278E-03
+247.0000E-03,+46.8599E-03
+247.2500E-03,+45.3042E-03
+247.5000E-03,+42.8800E-03
+247.7500E-03,+44.7614E-03
+248.0000E-03,+45.9916E-03
+248.2500E-03,+42.3373E-03
+248.5000E-03,+47.8730E-03
+248.7500E-03,+51.0208E-03
+249.0000E-03,+44.5443E-03
+249.2500E-03,+48.7052E-03
+249.5000E-03,+54.6750E-03
+249.7500E-03,+51.0208E-03
+250.0000E-03,+63.1413E-03
+250.2500E-03,+57.1353E-03
+250.5000E-03,+57.4972E-03
+250.7500E-03,+54.1323E-03
+251.0000E-03,+54.6750E-03
+251.2500E-03,+49.2117E-03
+251.5000E-03,+52.3956E-03
+251.7500E-03,+52.1785E-03
+252.0000E-03,+44.3996E-03
+252.2500E-03,+47.8730E-03
+252.5000E-03,+43.7846E-03
+252.7500E-03,+42.5906E-03
+253.0000E-03,+43.1695E-03
+253.2500E-03,+36.9102E-03
+253.5000E-03,+38.3213E-03
+253.7500E-03,+32.3876E-03
+254.0000E-03,+30.0720E-03
+254.2500E-03,+31.8810E-03
+254.5000E-03,+39.5152E-03
+254.7500E-03,+38.6107E-03
+255.0000E-03,+20.6287E-03
+255.2500E-03,+34.1243E-03
+255.5000E-03,+38.6831E-03
+255.7500E-03,+37.7786E-03
+256.0000E-03,+39.1534E-03
+256.2500E-03,+45.0509E-03
+256.5000E-03,+48.0901E-03
+256.7500E-03,+42.8800E-03
+257.0000E-03,+41.9032E-03
+257.2500E-03,+41.2880E-03
+257.5000E-03,+45.4127E-03
+257.7500E-03,+37.0911E-03
+258.0000E-03,+37.7062E-03
+258.2500E-03,+40.7815E-03
+258.5000E-03,+37.9233E-03
+258.7500E-03,+35.4630E-03
+259.0000E-03,+43.7122E-03
+259.2500E-03,+44.2187E-03
+259.5000E-03,+49.1394E-03
+259.7500E-03,+55.4348E-03
+260.0000E-03,+60.4278E-03
+260.2500E-03,+56.3032E-03
+260.5000E-03,+54.5665E-03
+260.7500E-03,+51.5997E-03
+261.0000E-03,+50.4057E-03
+261.2500E-03,+51.9253E-03
+261.5000E-03,+48.4157E-03
+261.7500E-03,+51.7806E-03
+262.0000E-03,+46.0277E-03
+262.2500E-03,+45.4126E-03
+262.5000E-03,+37.8148E-03
+262.7500E-03,+32.9665E-03
+263.0000E-03,+33.7986E-03
+263.2500E-03,+36.4398E-03
+263.5000E-03,+32.3876E-03
+263.7500E-03,+33.8348E-03
+264.0000E-03,+35.0650E-03
+264.2500E-03,+32.4961E-03
+264.5000E-03,+36.8017E-03
+264.7500E-03,+36.9102E-03
+265.0000E-03,+20.0862E-03
+265.2500E-03,+30.0720E-03
+265.5000E-03,+27.5394E-03
+265.7500E-03,+36.1504E-03
+266.0000E-03,+40.3474E-03
+266.2500E-03,+42.1565E-03
+266.5000E-03,+43.2780E-03
+266.7500E-03,+40.1303E-03
+267.0000E-03,+43.6761E-03
+267.2500E-03,+45.0871E-03
+267.5000E-03,+42.5183E-03
+267.7500E-03,+43.5675E-03
+268.0000E-03,+45.5936E-03
+268.2500E-03,+45.4127E-03
+268.5000E-03,+44.1464E-03
+268.7500E-03,+40.5283E-03
+269.0000E-03,+42.5183E-03
+269.2500E-03,+42.9162E-03
+269.5000E-03,+45.9554E-03
+269.7500E-03,+46.8599E-03
+270.0000E-03,+52.6489E-03
+270.2500E-03,+52.9021E-03
+270.5000E-03,+42.6629E-03
+270.7500E-03,+43.5313E-03
+271.0000E-03,+40.5283E-03
+271.2500E-03,+45.9554E-03
+271.5000E-03,+44.5806E-03
+271.7500E-03,+43.0247E-03
+272.0000E-03,+46.7152E-03
+272.2500E-03,+43.2781E-03
+272.5000E-03,+42.8800E-03
+272.7500E-03,+42.4459E-03
+273.0000E-03,+31.8449E-03
+273.2500E-03,+33.4007E-03
+273.5000E-03,+35.9695E-03
+273.7500E-03,+31.3022E-03
+274.0000E-03,+31.4831E-03
+274.2500E-03,+31.4469E-03
+274.5000E-03,+34.5222E-03
+274.7500E-03,+32.7132E-03
+275.0000E-03,+15.2018E-03
+275.2500E-03,+36.2951E-03
+275.5000E-03,+41.7223E-03
+275.7500E-03,+41.8670E-03
+276.0000E-03,+38.7916E-03
+276.2500E-03,+36.5484E-03
+276.5000E-03,+35.8247E-03
+276.7500E-03,+37.0187E-03
+277.0000E-03,+36.7655E-03
+277.2500E-03,+34.4137E-03
+277.5000E-03,+31.6640E-03
+277.7500E-03,+35.1012E-03
+278.0000E-03,+34.0519E-03
+278.2500E-03,+36.9102E-03
+278.5000E-03,+36.9464E-03
+278.7500E-03,+38.7192E-03
+279.0000E-03,+40.2027E-03
+279.2500E-03,+45.4127E-03
+279.5000E-03,+45.3766E-03
+279.7500E-03,+53.1554E-03
+280.0000E-03,+53.5534E-03
+280.2500E-03,+52.7936E-03
+280.5000E-03,+57.3162E-03
+280.7500E-03,+47.4750E-03
+281.0000E-03,+43.7122E-03
+281.2500E-03,+40.5283E-03
+281.5000E-03,+37.0549E-03
+281.7500E-03,+39.9132E-03
+282.0000E-03,+39.5514E-03
+282.2500E-03,+32.1343E-03
+282.5000E-03,+33.1112E-03
+282.7500E-03,+30.6509E-03
+283.0000E-03,+31.2660E-03
+283.2500E-03,+36.2589E-03
+283.5000E-03,+30.8680E-03
+283.7500E-03,+32.3876E-03
+284.0000E-03,+34.0157E-03
+284.2500E-03,+35.5715E-03
+284.5000E-03,+35.4629E-03
+284.7500E-03,+36.2590E-03
+285.0000E-03,+37.4528E-03
+285.2500E-03,+34.7756E-03
+285.5000E-03,+36.4036E-03
+285.7500E-03,+38.2850E-03
+286.0000E-03,+31.4831E-03
+286.2500E-03,+34.1967E-03
+286.5000E-03,+30.5062E-03
+286.7500E-03,+32.8579E-03
+287.0000E-03,+32.6770E-03
+287.2500E-03,+30.5785E-03
+287.5000E-03,+34.1966E-03
+287.7500E-03,+34.5223E-03
+288.0000E-03,+31.4469E-03
+288.2500E-03,+34.3414E-03
+288.5000E-03,+30.0720E-03
+288.7500E-03,+34.0158E-03
+289.0000E-03,+30.5785E-03
+289.2500E-03,+32.7132E-03
+289.5000E-03,+33.6539E-03
+289.7500E-03,+37.2359E-03
+290.0000E-03,+32.3876E-03
+290.2500E-03,+32.3514E-03
+290.5000E-03,+35.8609E-03
+290.7500E-03,+33.9072E-03
+291.0000E-03,+33.5092E-03
+291.2500E-03,+32.9303E-03
+291.5000E-03,+31.1936E-03
+291.7500E-03,+36.0418E-03
+292.0000E-03,+33.9795E-03
+292.2500E-03,+32.3152E-03
+292.5000E-03,+29.1313E-03
+292.7500E-03,+31.4107E-03
+293.0000E-03,+32.0619E-03
+293.2500E-03,+32.6770E-03
+293.5000E-03,+32.0981E-03
+293.7500E-03,+29.6740E-03
+294.0000E-03,+32.0619E-03
+294.2500E-03,+29.3846E-03
+294.5000E-03,+30.8317E-03
+294.7500E-03,+32.5685E-03
+295.0000E-03,+36.5484E-03
+295.2500E-03,+30.6871E-03
+295.5000E-03,+30.9041E-03
+295.7500E-03,+31.5916E-03
+296.0000E-03,+33.0750E-03
+296.2500E-03,+32.2067E-03
+296.5000E-03,+36.7654E-03
+296.7500E-03,+33.1474E-03
+297.0000E-03,+34.1243E-03
+297.2500E-03,+33.0750E-03
+297.5000E-03,+30.2167E-03
+297.7500E-03,+33.5092E-03
+298.0000E-03,+35.2459E-03
+298.2500E-03,+33.4007E-03
+298.5000E-03,+33.3283E-03
+298.7500E-03,+32.3876E-03
+299.0000E-03,+34.7032E-03
+299.2500E-03,+29.2037E-03
+299.5000E-03,+32.0981E-03
+299.7500E-03,+33.1474E-03
+300.0000E-03,+33.2921E-03
+300.2500E-03,+31.4831E-03
+300.5000E-03,+33.2921E-03
+300.7500E-03,+34.7032E-03
+301.0000E-03,+34.3775E-03
+301.2500E-03,+30.2167E-03
+301.5000E-03,+28.8781E-03
+301.7500E-03,+36.3675E-03
+302.0000E-03,+28.8780E-03
+302.2500E-03,+30.4700E-03
+302.5000E-03,+30.9403E-03
+302.7500E-03,+32.1705E-03
+303.0000E-03,+31.2660E-03
+303.2500E-03,+31.5554E-03
+303.5000E-03,+30.1444E-03
+303.7500E-03,+32.2067E-03
+304.0000E-03,+30.3976E-03
+304.2500E-03,+30.0359E-03
+304.5000E-03,+26.9604E-03
+304.7500E-03,+31.5192E-03
+305.0000E-03,+33.4730E-03
+305.2500E-03,+31.6640E-03
+305.5000E-03,+34.6308E-03
+305.7500E-03,+29.3484E-03
+306.0000E-03,+29.9635E-03
+306.2500E-03,+38.7192E-03
+306.5000E-03,+32.6770E-03
+306.7500E-03,+32.7494E-03
+307.0000E-03,+35.1373E-03
+307.2500E-03,+27.7565E-03
+307.5000E-03,+32.0258E-03
+307.7500E-03,+29.8188E-03
+308.0000E-03,+31.1575E-03
+308.2500E-03,+31.5916E-03
+308.5000E-03,+30.9765E-03
+308.7500E-03,+32.3876E-03
+309.0000E-03,+30.5424E-03
+309.2500E-03,+32.2428E-03
+309.5000E-03,+29.3483E-03
+309.7500E-03,+28.7695E-03
+310.0000E-03,+30.3976E-03
+310.2500E-03,+32.2791E-03
+310.5000E-03,+34.1966E-03
+310.7500E-03,+30.4700E-03
+311.0000E-03,+28.7333E-03
+311.2500E-03,+31.8449E-03
+311.5000E-03,+32.9665E-03
+311.7500E-03,+30.5785E-03
+312.0000E-03,+30.8318E-03
+312.2500E-03,+31.0489E-03
+312.5000E-03,+34.1966E-03
+312.7500E-03,+26.2006E-03
+313.0000E-03,+30.2529E-03
+313.2500E-03,+31.0127E-03
+313.5000E-03,+33.9434E-03
+313.7500E-03,+32.9303E-03
+314.0000E-03,+35.1012E-03
+314.2500E-03,+25.9474E-03
+314.5000E-03,+30.6870E-03
+314.7500E-03,+29.1675E-03
+315.0000E-03,+34.5584E-03
+315.2500E-03,+29.2037E-03
+315.5000E-03,+29.3845E-03
+315.7500E-03,+29.7464E-03
+316.0000E-03,+30.1082E-03
+316.2500E-03,+31.3022E-03
+316.5000E-03,+30.9041E-03
+316.7500E-03,+27.2137E-03
+317.0000E-03,+31.8087E-03
+317.2500E-03,+33.2921E-03
+317.5000E-03,+32.5685E-03
+317.7500E-03,+28.8418E-03
+318.0000E-03,+30.5062E-03
+318.2500E-03,+32.0620E-03
+318.5000E-03,+29.2398E-03
+318.7500E-03,+33.2921E-03
+319.0000E-03,+30.1444E-03
+319.2500E-03,+29.0227E-03
+319.5000E-03,+28.7695E-03
+319.7500E-03,+28.3715E-03
+320.0000E-03,+29.1313E-03
+320.2500E-03,+32.2428E-03
+320.5000E-03,+28.8780E-03
+320.7500E-03,+28.9142E-03
+321.0000E-03,+29.6740E-03
+321.2500E-03,+30.9404E-03
+321.5000E-03,+31.7363E-03
+321.7500E-03,+33.0750E-03
+322.0000E-03,+27.1052E-03
+322.2500E-03,+34.2328E-03
+322.5000E-03,+32.2067E-03
+322.7500E-03,+31.6640E-03
+323.0000E-03,+28.8781E-03
+323.2500E-03,+27.1776E-03
+323.5000E-03,+34.2328E-03
+323.7500E-03,+32.3876E-03
+324.0000E-03,+34.5946E-03
+324.2500E-03,+30.5424E-03
+324.5000E-03,+32.0620E-03
+324.7500E-03,+33.3282E-03
+325.0000E-03,+32.3876E-03
+325.2500E-03,+30.7233E-03
+325.5000E-03,+32.0619E-03
+325.7500E-03,+33.2921E-03
+326.0000E-03,+34.5947E-03
+326.2500E-03,+29.6740E-03
+326.5000E-03,+29.6740E-03
+326.7500E-03,+30.5785E-03
+327.0000E-03,+30.8318E-03
+327.2500E-03,+29.5655E-03
+327.5000E-03,+29.3122E-03
+327.7500E-03,+30.3614E-03
+328.0000E-03,+32.4600E-03
+328.2500E-03,+32.3152E-03
+328.5000E-03,+30.7956E-03
+328.7500E-03,+32.2067E-03
+329.0000E-03,+33.0026E-03
+329.2500E-03,+30.0720E-03
+329.5000E-03,+31.3745E-03
+329.7500E-03,+30.5062E-03
+330.0000E-03,+30.5785E-03
+330.2500E-03,+34.5222E-03
+330.5000E-03,+32.0257E-03
+330.7500E-03,+32.7132E-03
+331.0000E-03,+30.4338E-03
+331.2500E-03,+31.4830E-03
+331.5000E-03,+32.3876E-03
+331.7500E-03,+27.5393E-03
+332.0000E-03,+33.2197E-03
+332.2500E-03,+29.9273E-03
+332.5000E-03,+28.9504E-03
+332.7500E-03,+29.6016E-03
+333.0000E-03,+35.3182E-03
+333.2500E-03,+29.3845E-03
+333.5000E-03,+32.8941E-03
+333.7500E-03,+32.9303E-03
+334.0000E-03,+30.1082E-03
+334.2500E-03,+28.9142E-03
+334.5000E-03,+35.3182E-03
+334.7500E-03,+31.0851E-03
+335.0000E-03,+32.5685E-03
+335.2500E-03,+28.7695E-03
+335.5000E-03,+30.9404E-03
+335.7500E-03,+31.4831E-03
+336.0000E-03,+31.5192E-03
+336.2500E-03,+32.0258E-03
+336.5000E-03,+32.0620E-03
+336.7500E-03,+28.8057E-03
+337.0000E-03,+32.6409E-03
+337.2500E-03,+28.0097E-03
+337.5000E-03,+30.5785E-03
+337.7500E-03,+32.4238E-03
+338.0000E-03,+29.3484E-03
+338.2500E-03,+30.1806E-03
+338.5000E-03,+31.2298E-03
+338.7500E-03,+31.4831E-03
+339.0000E-03,+33.1835E-03
+339.2500E-03,+31.0127E-03
+339.5000E-03,+30.8318E-03
+339.7500E-03,+27.9735E-03
+340.0000E-03,+31.1212E-03
+340.2500E-03,+29.6740E-03
+340.5000E-03,+33.3645E-03
+340.7500E-03,+31.1936E-03
+341.0000E-03,+33.4730E-03
+341.2500E-03,+31.4831E-03
+341.5000E-03,+30.5785E-03
+341.7500E-03,+30.3253E-03
+342.0000E-03,+30.6871E-03
+342.2500E-03,+30.5785E-03
+342.5000E-03,+31.8449E-03
+342.7500E-03,+30.2529E-03
+343.0000E-03,+29.2398E-03
+343.2500E-03,+30.9041E-03
+343.5000E-03,+31.3022E-03
+343.7500E-03,+34.1966E-03
+344.0000E-03,+32.2429E-03
+344.2500E-03,+34.7755E-03
+344.5000E-03,+29.6378E-03
+344.7500E-03,+29.1675E-03
+345.0000E-03,+30.9404E-03
+345.2500E-03,+29.7826E-03
+345.5000E-03,+32.7494E-03
+345.7500E-03,+32.7493E-03
+346.0000E-03,+31.4831E-03
+346.2500E-03,+29.8549E-03
+346.5000E-03,+29.8911E-03
+346.7500E-03,+29.6740E-03
+347.0000E-03,+31.4107E-03
+347.2500E-03,+28.7695E-03
+347.5000E-03,+27.8649E-03
+347.7500E-03,+30.8680E-03
+348.0000E-03,+27.0690E-03
+348.2500E-03,+34.8840E-03
+348.5000E-03,+35.0650E-03
+348.7500E-03,+32.9303E-03
+349.0000E-03,+32.3152E-03
+349.2500E-03,+31.4469E-03
+349.5000E-03,+31.8448E-03
+349.7500E-03,+33.2921E-03
+350.0000E-03,+34.1966E-03
+350.2500E-03,+29.3484E-03
+350.5000E-03,+31.1936E-03
+350.7500E-03,+27.3946E-03
+351.0000E-03,+32.2067E-03
+351.2500E-03,+30.0358E-03
+351.5000E-03,+29.6740E-03
+351.7500E-03,+32.6047E-03
+352.0000E-03,+29.0228E-03
+352.2500E-03,+31.8810E-03
+352.5000E-03,+33.2921E-03
+352.7500E-03,+31.4831E-03
+353.0000E-03,+31.4107E-03
+353.2500E-03,+35.1012E-03
+353.5000E-03,+31.7364E-03
+353.7500E-03,+33.4731E-03
+354.0000E-03,+27.2499E-03
+354.2500E-03,+27.8650E-03
+354.5000E-03,+29.9997E-03
+354.7500E-03,+29.6017E-03
+355.0000E-03,+30.9403E-03
+355.2500E-03,+29.9996E-03
+355.5000E-03,+25.1876E-03
+355.7500E-03,+32.0620E-03
+356.0000E-03,+31.3383E-03
+356.2500E-03,+32.3876E-03
+356.5000E-03,+27.8287E-03
+356.7500E-03,+28.1544E-03
+357.0000E-03,+32.3152E-03
+357.2500E-03,+29.3484E-03
+357.5000E-03,+27.5032E-03
+357.7500E-03,+28.9504E-03
+358.0000E-03,+31.4831E-03
+358.2500E-03,+30.3253E-03
+358.5000E-03,+31.2659E-03
+358.7500E-03,+30.7595E-03
+359.0000E-03,+34.9202E-03
+359.2500E-03,+28.7695E-03
+359.5000E-03,+32.6046E-03
+359.7500E-03,+32.8217E-03
+360.0000E-03,+30.0358E-03
+360.2500E-03,+32.4961E-03
+360.5000E-03,+29.0228E-03
+360.7500E-03,+26.4901E-03
+361.0000E-03,+33.1112E-03
+361.2500E-03,+28.0459E-03
+361.5000E-03,+29.1674E-03
+361.7500E-03,+29.2398E-03
+362.0000E-03,+29.3484E-03
+362.2500E-03,+31.1575E-03
+362.5000E-03,+29.6740E-03
+362.7500E-03,+35.4268E-03
+363.0000E-03,+30.6147E-03
+363.2500E-03,+30.5785E-03
+363.5000E-03,+29.6740E-03
+363.7500E-03,+31.1213E-03
+364.0000E-03,+27.1414E-03
+364.2500E-03,+33.4006E-03
+364.5000E-03,+32.4961E-03
+364.7500E-03,+29.0589E-03
+365.0000E-03,+31.4831E-03
+365.2500E-03,+34.0157E-03
+365.5000E-03,+33.1474E-03
+365.7500E-03,+31.7001E-03
+366.0000E-03,+29.2036E-03
+366.2500E-03,+32.5685E-03
+366.5000E-03,+33.9796E-03
+366.7500E-03,+33.9434E-03
+367.0000E-03,+30.6871E-03
+367.2500E-03,+30.6147E-03
+367.5000E-03,+35.8248E-03
+367.7500E-03,+31.8087E-03
+368.0000E-03,+26.9966E-03
+368.2500E-03,+30.2529E-03
+368.5000E-03,+30.9041E-03
+368.7500E-03,+30.5786E-03
+369.0000E-03,+32.0982E-03
+369.2500E-03,+29.0589E-03
+369.5000E-03,+28.2991E-03
+369.7500E-03,+29.4208E-03
+370.0000E-03,+33.1112E-03
+370.2500E-03,+29.6740E-03
+370.5000E-03,+28.8780E-03
+370.7500E-03,+33.1474E-03
+371.0000E-03,+31.7002E-03
+371.2500E-03,+30.9404E-03
+371.5000E-03,+30.8679E-03
+371.7500E-03,+27.1052E-03
+372.0000E-03,+37.3806E-03
+372.2500E-03,+27.8650E-03
+372.5000E-03,+30.5785E-03
+372.7500E-03,+30.0720E-03
+373.0000E-03,+32.8941E-03
+373.2500E-03,+34.9926E-03
+373.5000E-03,+32.2791E-03
+373.7500E-03,+30.9404E-03
+374.0000E-03,+31.5554E-03
+374.2500E-03,+27.7926E-03
+374.5000E-03,+30.2891E-03
+374.7500E-03,+27.3946E-03
+375.0000E-03,+32.3876E-03
+375.2500E-03,+30.1082E-03
+375.5000E-03,+32.0981E-03
+375.7500E-03,+30.5423E-03
+376.0000E-03,+31.8087E-03
+376.2500E-03,+30.7595E-03
+376.5000E-03,+27.7926E-03
+376.7500E-03,+30.2529E-03
+377.0000E-03,+29.0228E-03
+377.2500E-03,+32.0982E-03
+377.5000E-03,+30.3976E-03
+377.7500E-03,+32.4237E-03
+378.0000E-03,+28.8419E-03
+378.2500E-03,+32.3876E-03
+378.5000E-03,+31.0489E-03
+378.7500E-03,+32.2067E-03
+379.0000E-03,+32.8941E-03
+379.2500E-03,+30.3253E-03
+379.5000E-03,+31.4831E-03
+379.7500E-03,+34.0881E-03
+380.0000E-03,+31.6641E-03
+380.2500E-03,+34.7032E-03
+380.5000E-03,+29.6740E-03
+380.7500E-03,+33.0027E-03
+381.0000E-03,+32.6771E-03
+381.2500E-03,+29.6740E-03
+381.5000E-03,+31.8087E-03
+381.7500E-03,+34.4861E-03
+382.0000E-03,+29.2761E-03
+382.2500E-03,+30.1805E-03
+382.5000E-03,+28.2268E-03
+382.7500E-03,+28.8419E-03
+383.0000E-03,+33.4006E-03
+383.2500E-03,+31.4831E-03
+383.5000E-03,+31.7725E-03
+383.7500E-03,+30.5785E-03
+384.0000E-03,+31.7002E-03
+384.2500E-03,+32.3152E-03
+384.5000E-03,+29.6017E-03
+384.7500E-03,+31.0489E-03
+385.0000E-03,+30.7594E-03
+385.2500E-03,+34.5946E-03
+385.5000E-03,+28.9867E-03
+385.7500E-03,+30.7595E-03
+386.0000E-03,+23.6679E-03
+386.2500E-03,+31.3022E-03
+386.5000E-03,+31.0851E-03
+386.7500E-03,+33.3283E-03
+387.0000E-03,+32.6770E-03
+387.2500E-03,+34.5222E-03
+387.5000E-03,+36.9102E-03
+387.7500E-03,+34.0519E-03
+388.0000E-03,+30.9042E-03
+388.2500E-03,+31.9534E-03
+388.5000E-03,+34.0518E-03
+388.7500E-03,+35.1011E-03
+389.0000E-03,+32.3152E-03
+389.2500E-03,+31.7001E-03
+389.5000E-03,+30.9765E-03
+389.7500E-03,+33.1835E-03
+390.0000E-03,+31.3022E-03
+390.2500E-03,+31.0127E-03
+390.5000E-03,+28.9866E-03
+390.7500E-03,+29.4570E-03
+391.0000E-03,+27.8650E-03
+391.2500E-03,+30.9403E-03
+391.5000E-03,+30.0720E-03
+391.7500E-03,+29.8187E-03
+392.0000E-03,+32.9303E-03
+392.2500E-03,+31.5916E-03
+392.5000E-03,+30.7595E-03
+392.7500E-03,+29.4207E-03
+393.0000E-03,+31.1212E-03
+393.2500E-03,+30.5785E-03
+393.5000E-03,+30.1082E-03
+393.7500E-03,+26.9605E-03
+394.0000E-03,+27.7203E-03
+394.2500E-03,+34.7755E-03
+394.5000E-03,+32.3514E-03
+394.7500E-03,+28.6971E-03
+395.0000E-03,+34.0157E-03
+395.2500E-03,+30.4338E-03
+395.5000E-03,+30.4700E-03
+395.7500E-03,+27.4670E-03
+396.0000E-03,+31.2659E-03
+396.2500E-03,+28.2268E-03
+396.5000E-03,+31.2298E-03
+396.7500E-03,+32.8579E-03
+397.0000E-03,+30.5062E-03
+397.2500E-03,+33.7625E-03
+397.5000E-03,+32.2067E-03
+397.7500E-03,+28.5524E-03
+398.0000E-03,+31.2298E-03
+398.2500E-03,+31.9534E-03
+398.5000E-03,+36.7655E-03
+398.7500E-03,+30.3976E-03
+399.0000E-03,+27.5394E-03
+399.2500E-03,+29.7102E-03
+399.5000E-03,+29.0590E-03
+399.7500E-03,+32.5323E-03
+400.0000E-03,+26.9605E-03
+400.2500E-03,+29.8187E-03
+400.5000E-03,+30.9042E-03
+400.7500E-03,+31.4107E-03
+401.0000E-03,+30.6509E-03
+401.2500E-03,+34.9202E-03
+401.5000E-03,+30.5785E-03
+401.7500E-03,+31.9172E-03
+402.0000E-03,+33.2921E-03
+402.2500E-03,+30.5785E-03
+402.5000E-03,+33.8348E-03
+402.7500E-03,+34.0157E-03
+403.0000E-03,+29.7464E-03
+403.2500E-03,+33.2921E-03
+403.5000E-03,+28.5524E-03
+403.7500E-03,+30.5785E-03
+404.0000E-03,+28.4800E-03
+404.2500E-03,+33.8348E-03
+404.5000E-03,+29.5655E-03
+404.7500E-03,+34.9565E-03
+405.0000E-03,+31.4831E-03
+405.2500E-03,+31.1574E-03
+405.5000E-03,+31.0850E-03
+405.7500E-03,+35.3906E-03
+406.0000E-03,+33.4007E-03
+406.2500E-03,+36.0056E-03
+406.5000E-03,+32.2429E-03
+406.7500E-03,+32.0981E-03
+407.0000E-03,+30.5785E-03
+407.2500E-03,+30.3253E-03
+407.5000E-03,+32.7494E-03
+407.7500E-03,+32.4238E-03
+408.0000E-03,+33.6540E-03
+408.2500E-03,+31.3383E-03
+408.5000E-03,+30.6871E-03
+408.7500E-03,+29.4931E-03
+409.0000E-03,+33.0027E-03
+409.2500E-03,+31.5554E-03
+409.5000E-03,+31.5554E-03
+409.7500E-03,+30.6148E-03
+410.0000E-03,+30.3977E-03
+410.2500E-03,+30.4700E-03
+410.5000E-03,+27.4670E-03
+410.7500E-03,+30.1443E-03
+411.0000E-03,+29.7464E-03
+411.2500E-03,+29.8549E-03
+411.5000E-03,+30.5062E-03
+411.7500E-03,+29.7825E-03
+412.0000E-03,+29.6379E-03
+412.2500E-03,+30.2530E-03
+412.5000E-03,+28.7695E-03
+412.7500E-03,+28.7333E-03
+413.0000E-03,+29.6740E-03
+413.2500E-03,+28.2991E-03
+413.5000E-03,+32.3876E-03
+413.7500E-03,+31.4830E-03
+414.0000E-03,+31.6278E-03
+414.2500E-03,+30.6871E-03
+414.5000E-03,+31.3746E-03
+414.7500E-03,+31.2659E-03
+415.0000E-03,+29.4931E-03
+415.2500E-03,+28.9866E-03
+415.5000E-03,+32.3152E-03
+415.7500E-03,+27.8650E-03
+416.0000E-03,+28.9866E-03
+416.2500E-03,+32.3875E-03
+416.5000E-03,+32.3876E-03
+416.7500E-03,+31.4831E-03
+417.0000E-03,+32.1705E-03
+417.2500E-03,+30.6147E-03
+417.5000E-03,+28.2268E-03
+417.7500E-03,+29.4207E-03
+418.0000E-03,+30.5424E-03
+418.2500E-03,+32.6409E-03
+418.5000E-03,+33.9072E-03
+418.7500E-03,+28.7695E-03
+419.0000E-03,+28.9142E-03
+419.2500E-03,+26.6710E-03
+419.5000E-03,+31.9172E-03
+419.7500E-03,+28.3715E-03
+420.0000E-03,+31.6640E-03
+420.2500E-03,+34.2328E-03
+420.5000E-03,+25.8026E-03
+420.7500E-03,+32.1343E-03
+421.0000E-03,+29.4569E-03
+421.2500E-03,+32.2066E-03
+421.5000E-03,+30.8318E-03
+421.7500E-03,+28.6971E-03
+422.0000E-03,+29.6017E-03
+422.2500E-03,+28.3353E-03
+422.5000E-03,+29.4931E-03
+422.7500E-03,+29.7825E-03
+423.0000E-03,+26.7072E-03
+423.2500E-03,+29.5655E-03
+423.5000E-03,+30.5785E-03
+423.7500E-03,+33.6539E-03
+424.0000E-03,+27.6840E-03
+424.2500E-03,+31.9172E-03
+424.5000E-03,+33.8349E-03
+424.7500E-03,+32.5323E-03
+425.0000E-03,+31.4831E-03
+425.2500E-03,+28.4801E-03
+425.5000E-03,+26.6348E-03
+425.7500E-03,+32.8941E-03
+426.0000E-03,+31.5555E-03
+426.2500E-03,+32.0258E-03
+426.5000E-03,+34.2328E-03
+426.7500E-03,+31.8087E-03
+427.0000E-03,+32.7856E-03
+427.2500E-03,+29.1675E-03
+427.5000E-03,+31.4831E-03
+427.7500E-03,+32.8218E-03
+428.0000E-03,+31.6278E-03
+428.2500E-03,+28.9865E-03
+428.5000E-03,+31.4831E-03
+428.7500E-03,+30.3977E-03
+429.0000E-03,+29.5655E-03
+429.2500E-03,+29.5293E-03
+429.5000E-03,+31.0488E-03
+429.7500E-03,+33.9434E-03
+430.0000E-03,+30.2168E-03
+430.2500E-03,+29.3484E-03
+430.5000E-03,+32.4237E-03
+430.7500E-03,+27.8288E-03
+431.0000E-03,+31.4831E-03
+431.2500E-03,+31.4831E-03
+431.5000E-03,+34.0519E-03
+431.7500E-03,+27.2137E-03
+432.0000E-03,+31.8810E-03
+432.2500E-03,+33.9434E-03
+432.5000E-03,+34.5585E-03
+432.7500E-03,+27.1414E-03
+433.0000E-03,+31.1575E-03
+433.2500E-03,+30.9766E-03
+433.5000E-03,+30.1806E-03
+433.7500E-03,+32.9303E-03
+434.0000E-03,+34.4137E-03
+434.2500E-03,+35.8609E-03
+434.5000E-03,+32.2429E-03
+434.7500E-03,+33.3283E-03
+435.0000E-03,+32.0257E-03
+435.2500E-03,+27.8650E-03
+435.5000E-03,+31.8449E-03
+435.7500E-03,+33.9434E-03
+436.0000E-03,+33.1836E-03
+436.2500E-03,+32.2066E-03
+436.5000E-03,+33.2198E-03
+436.7500E-03,+31.4469E-03
+437.0000E-03,+29.6740E-03
+437.2500E-03,+31.8086E-03
+437.5000E-03,+33.2921E-03
+437.7500E-03,+27.5393E-03
+438.0000E-03,+31.4831E-03
+438.2500E-03,+28.8419E-03
+438.5000E-03,+33.5454E-03
+438.7500E-03,+29.8549E-03
+439.0000E-03,+32.3152E-03
+439.2500E-03,+27.7564E-03
+439.5000E-03,+32.0258E-03
+439.7500E-03,+32.1705E-03
+440.0000E-03,+30.7595E-03
+440.2500E-03,+31.2660E-03
+440.5000E-03,+26.4902E-03
+440.7500E-03,+28.1544E-03
+441.0000E-03,+29.4569E-03
+441.2500E-03,+28.5886E-03
+441.5000E-03,+28.7695E-03
+441.7500E-03,+29.5293E-03
+442.0000E-03,+30.5785E-03
+442.2500E-03,+26.9243E-03
+442.5000E-03,+26.4177E-03
+442.7500E-03,+29.9273E-03
+443.0000E-03,+33.6178E-03
+443.2500E-03,+29.9996E-03
+443.5000E-03,+26.9604E-03
+443.7500E-03,+30.5786E-03
+444.0000E-03,+29.3846E-03
+444.2500E-03,+26.3091E-03
+444.5000E-03,+32.4238E-03
+444.7500E-03,+34.2690E-03
+445.0000E-03,+29.6741E-03
+445.2500E-03,+32.3876E-03
+445.5000E-03,+32.0620E-03
+445.7500E-03,+33.2921E-03
+446.0000E-03,+31.0851E-03
+446.2500E-03,+28.5886E-03
+446.5000E-03,+28.9866E-03
+446.7500E-03,+33.4369E-03
+447.0000E-03,+30.7956E-03
+447.2500E-03,+29.4207E-03
+447.5000E-03,+29.1313E-03
+447.7500E-03,+29.2760E-03
+448.0000E-03,+31.9896E-03
+448.2500E-03,+30.1443E-03
+448.5000E-03,+32.3876E-03
+448.7500E-03,+28.2268E-03
