x-axis,1,2
second,Volt,Volt
-49.90000E-03,,
-49.85000E-03,+33.98829E-03,-10.27575E-03
-49.80000E-03,+38.43051E-03,-9.35113E-03
-49.75000E-03,+41.60839E-03,-13.85364E-03
-49.70000E-03,+39.83151E-03,-10.47676E-03
-49.65000E-03,+35.62850E-03,-11.92400E-03
-49.60000E-03,+33.91995E-03,-10.67776E-03
-49.55000E-03,+35.90186E-03,-9.25063E-03
-49.50000E-03,+38.02046E-03,-8.72802E-03
-49.45000E-03,+35.83352E-03,-10.79837E-03
-49.40000E-03,+35.38930E-03,-9.53204E-03
-49.35000E-03,+38.39633E-03,-10.53706E-03
-49.30000E-03,+36.65362E-03,-11.54209E-03
-49.25000E-03,+34.77422E-03,-12.34611E-03
-49.20000E-03,+38.66970E-03,-13.33103E-03
-49.15000E-03,+34.91091E-03,-12.40641E-03
-49.10000E-03,+37.64458E-03,-11.42148E-03
-49.05000E-03,+40.71995E-03,-9.51194E-03
-49.00000E-03,+40.92498E-03,-10.73806E-03
-48.95000E-03,+40.20739E-03,-10.85867E-03
-48.90000E-03,+41.16417E-03,-11.28078E-03
-48.85000E-03,+46.15312E-03,-12.70792E-03
-48.80000E-03,+38.77221E-03,-12.20540E-03
-48.75000E-03,+34.77423E-03,-13.04962E-03
-48.70000E-03,+36.07272E-03,-9.19033E-03
-48.65000E-03,+36.48277E-03,-10.37626E-03
-48.60000E-03,+34.36418E-03,-10.27575E-03
-48.55000E-03,+36.79031E-03,-10.21545E-03
-48.50000E-03,+37.33704E-03,-10.23555E-03
-48.45000E-03,+34.84257E-03,-10.05465E-03
-48.40000E-03,+35.32096E-03,-11.54209E-03
-48.35000E-03,+38.80639E-03,-11.46168E-03
-48.30000E-03,+34.87674E-03,-9.81344E-03
-48.25000E-03,+38.19131E-03,-11.14007E-03
-48.20000E-03,+34.12498E-03,-10.03455E-03
-48.15000E-03,+36.55111E-03,-11.54209E-03
-48.10000E-03,+37.26870E-03,-12.96922E-03
-48.05000E-03,+40.10488E-03,-13.43153E-03
-48.00000E-03,+36.48277E-03,-11.74309E-03
-47.95000E-03,+37.33704E-03,-11.60238E-03
-47.90000E-03,+38.80638E-03,-12.90892E-03
-47.85000E-03,+40.54909E-03,-12.54711E-03
-47.80000E-03,+37.30287E-03,-10.07475E-03
-47.75000E-03,+39.21643E-03,-12.24560E-03
-47.70000E-03,+32.75815E-03,-11.72299E-03
-47.65000E-03,+33.03152E-03,-10.77827E-03
-47.60000E-03,+36.51693E-03,-11.03957E-03
-47.55000E-03,+36.03855E-03,-10.53706E-03
-47.50000E-03,+37.33704E-03,-12.04460E-03
-47.45000E-03,+37.91795E-03,-11.38128E-03
-47.40000E-03,+36.79031E-03,-13.89385E-03
-47.35000E-03,+39.01140E-03,-12.54711E-03
-47.30000E-03,+37.33704E-03,-13.55214E-03
-47.25000E-03,+34.77422E-03,-10.13505E-03
-47.20000E-03,+38.25966E-03,-11.01947E-03
-47.15000E-03,+37.43955E-03,-10.41646E-03
-47.10000E-03,+38.80639E-03,-12.12500E-03
-47.05000E-03,+41.71091E-03,-15.84359E-03
-47.00000E-03,+37.16617E-03,-13.35113E-03
-46.95000E-03,+36.03855E-03,-9.67273E-03
-46.90000E-03,+38.84055E-03,-9.57224E-03
-46.85000E-03,+35.35514E-03,-10.99937E-03
-46.80000E-03,+45.43552E-03,-16.32601E-03
-46.75000E-03,+41.77926E-03,-13.55214E-03
-46.70000E-03,+42.29180E-03,-13.21043E-03
-46.65000E-03,+37.09784E-03,-12.98931E-03
-46.60000E-03,+36.03856E-03,-13.55214E-03
-46.55000E-03,+36.55110E-03,-11.14007E-03
-46.50000E-03,+36.65362E-03,-10.53706E-03
-46.45000E-03,+33.91995E-03,-10.53706E-03
-46.40000E-03,+35.28677E-03,-11.54209E-03
-46.35000E-03,+34.43253E-03,-12.22550E-03
-46.30000E-03,+35.21843E-03,-10.69787E-03
-46.25000E-03,+35.62849E-03,-11.54209E-03
-46.20000E-03,+36.61945E-03,-11.20037E-03
-46.15000E-03,+35.04759E-03,-10.85866E-03
-46.10000E-03,+39.55816E-03,-10.79837E-03
-46.05000E-03,+38.49885E-03,-13.41144E-03
-46.00000E-03,+36.48277E-03,-12.04460E-03
-45.95000E-03,+37.33704E-03,-10.51696E-03
-45.90000E-03,+39.59233E-03,-9.21042E-03
-45.85000E-03,+33.20238E-03,-9.89385E-03
-45.80000E-03,+33.91995E-03,-10.31596E-03
-45.75000E-03,+36.31192E-03,-11.44159E-03
-45.70000E-03,+37.54207E-03,-11.54209E-03
-45.65000E-03,+37.98627E-03,-12.12501E-03
-45.60000E-03,+34.70589E-03,-11.92400E-03
-45.55000E-03,+39.01139E-03,-9.53204E-03
-45.50000E-03,+35.11593E-03,-11.34108E-03
-45.45000E-03,+36.68777E-03,-10.75817E-03
-45.40000E-03,+36.48277E-03,-12.90892E-03
-45.35000E-03,+35.62850E-03,-9.08983E-03
-45.30000E-03,+34.74006E-03,-8.98933E-03
-45.25000E-03,+33.40738E-03,-10.83857E-03
-45.20000E-03,+35.93603E-03,-9.57223E-03
-45.15000E-03,+36.96114E-03,-11.84358E-03
-45.10000E-03,+36.20940E-03,-8.70791E-03
-45.05000E-03,+36.61946E-03,-10.29585E-03
-45.00000E-03,+33.91996E-03,-11.54209E-03
-44.95000E-03,+31.63050E-03,-11.96420E-03
-44.90000E-03,+34.19331E-03,-10.19535E-03
-44.85000E-03,+38.25967E-03,-7.74308E-03
-44.80000E-03,+34.46668E-03,-9.17022E-03
-44.75000E-03,+37.67876E-03,-9.13003E-03
-44.70000E-03,+35.62850E-03,-10.59737E-03
-44.65000E-03,+38.73806E-03,-10.77825E-03
-44.60000E-03,+34.77422E-03,-10.67776E-03
-44.55000E-03,+37.33704E-03,-8.96921E-03
-44.50000E-03,+38.36218E-03,-10.33607E-03
-44.45000E-03,+33.50989E-03,-10.15515E-03
-44.40000E-03,+34.70588E-03,-10.49686E-03
-44.35000E-03,+34.77422E-03,-10.11494E-03
-44.30000E-03,+33.71493E-03,-10.29586E-03
-44.25000E-03,+29.30689E-03,-11.14008E-03
-44.20000E-03,+35.62850E-03,-11.54209E-03
-44.15000E-03,+36.48277E-03,-9.95416E-03
-44.10000E-03,+40.10489E-03,-10.41645E-03
-44.05000E-03,+38.25964E-03,-9.53204E-03
-44.00000E-03,+36.65361E-03,-11.34107E-03
-43.95000E-03,+37.09783E-03,-10.85867E-03
-43.90000E-03,+35.56018E-03,-10.75818E-03
-43.85000E-03,+39.89985E-03,-14.87878E-03
-43.80000E-03,+39.76316E-03,-13.65262E-03
-43.75000E-03,+38.19134E-03,-13.04964E-03
-43.70000E-03,+39.89985E-03,-13.04962E-03
-43.65000E-03,+36.20941E-03,-11.52197E-03
-43.60000E-03,+38.25968E-03,-14.57727E-03
-43.55000E-03,+39.04558E-03,-12.00439E-03
-43.50000E-03,+35.62850E-03,-9.83353E-03
-43.45000E-03,+37.20033E-03,-10.07476E-03
-43.40000E-03,+35.08174E-03,-11.16017E-03
-43.35000E-03,+35.62850E-03,-11.32097E-03
-43.30000E-03,+38.08878E-03,-10.37627E-03
-43.25000E-03,+36.48277E-03,-14.25566E-03
-43.20000E-03,+35.38932E-03,-11.80338E-03
-43.15000E-03,+37.47374E-03,-13.08983E-03
-43.10000E-03,+33.13402E-03,-14.05465E-03
-43.05000E-03,+37.13202E-03,-13.55214E-03
-43.00000E-03,+35.79933E-03,-12.04460E-03
-42.95000E-03,+39.79735E-03,-13.04962E-03
-42.90000E-03,+41.74506E-03,-12.26569E-03
-42.85000E-03,+40.54908E-03,-13.49183E-03
-42.80000E-03,+36.55109E-03,-14.03455E-03
-42.75000E-03,+40.41239E-03,-14.75816E-03
-42.70000E-03,+35.15007E-03,-11.26066E-03
-42.65000E-03,+35.56018E-03,-12.76823E-03
-42.60000E-03,+38.19131E-03,-13.55214E-03
-42.55000E-03,+39.62647E-03,-15.14008E-03
-42.50000E-03,+34.77422E-03,-14.55714E-03
-42.45000E-03,+32.79233E-03,-11.03957E-03
-42.40000E-03,+35.93605E-03,-10.71797E-03
-42.35000E-03,+35.21845E-03,-11.78329E-03
-42.30000E-03,+35.01340E-03,-12.86871E-03
-42.25000E-03,+37.16622E-03,-13.45163E-03
-42.20000E-03,+38.15713E-03,-10.03455E-03
-42.15000E-03,+35.52599E-03,-11.42149E-03
-42.10000E-03,+35.62850E-03,-13.27074E-03
-42.05000E-03,+33.91995E-03,-12.48680E-03
-42.00000E-03,+35.11594E-03,-12.24558E-03
-41.95000E-03,+37.78124E-03,-13.43153E-03
-41.90000E-03,+34.70587E-03,-12.50690E-03
-41.85000E-03,+38.12298E-03,-13.59233E-03
-41.80000E-03,+35.62850E-03,-12.78831E-03
-41.75000E-03,+34.77422E-03,-13.15014E-03
-41.70000E-03,+33.44157E-03,-12.10489E-03
-41.65000E-03,+37.71290E-03,-9.45165E-03
-41.60000E-03,+35.52597E-03,-10.59737E-03
-41.55000E-03,+39.04558E-03,-13.02953E-03
-41.50000E-03,+35.11592E-03,-11.54209E-03
-41.45000E-03,+38.73805E-03,-10.85867E-03
-41.40000E-03,+35.59434E-03,-12.00442E-03
-41.35000E-03,+31.66466E-03,-11.22047E-03
-41.30000E-03,+30.19537E-03,-10.11495E-03
-41.25000E-03,+30.50289E-03,-11.54208E-03
-41.20000E-03,+37.06369E-03,-11.70288E-03
-41.15000E-03,+36.20941E-03,-9.02952E-03
-41.10000E-03,+33.88576E-03,-9.79335E-03
-41.05000E-03,+38.49886E-03,-11.72300E-03
-41.00000E-03,+36.14109E-03,-12.94912E-03
-40.95000E-03,+34.84258E-03,-12.50690E-03
-40.90000E-03,+35.73100E-03,-10.71795E-03
-40.85000E-03,+39.89985E-03,-11.90390E-03
-40.80000E-03,+38.29384E-03,-11.16020E-03
-40.75000E-03,+36.99532E-03,-13.55214E-03
-40.70000E-03,+39.69482E-03,-11.18026E-03
-40.65000E-03,+36.27771E-03,-10.61747E-03
-40.60000E-03,+33.91995E-03,-13.04962E-03
-40.55000E-03,+39.25060E-03,-9.67276E-03
-40.50000E-03,+40.58330E-03,-10.93909E-03
-40.45000E-03,+37.16613E-03,-11.03957E-03
-40.40000E-03,+44.17121E-03,-11.03957E-03
-40.35000E-03,+41.16421E-03,-11.42147E-03
-40.30000E-03,+37.40536E-03,-11.01948E-03
-40.25000E-03,+37.16619E-03,-11.84360E-03
-40.20000E-03,+39.11389E-03,-10.35616E-03
-40.15000E-03,+42.53097E-03,-10.29585E-03
-40.10000E-03,+32.21141E-03,-9.85366E-03
-40.05000E-03,+38.77219E-03,-11.88378E-03
-40.00000E-03,+33.06574E-03,-10.53705E-03
-39.95000E-03,+34.77422E-03,-9.87376E-03
-39.90000E-03,+33.61239E-03,-11.70288E-03
-39.85000E-03,+35.62850E-03,-11.52197E-03
-39.80000E-03,+35.62850E-03,-10.17524E-03
-39.75000E-03,+35.62850E-03,-12.14511E-03
-39.70000E-03,+33.09986E-03,-11.50187E-03
-39.65000E-03,+31.04963E-03,-11.48179E-03
-39.60000E-03,+31.97222E-03,-11.76320E-03
-39.55000E-03,+38.46464E-03,-13.49182E-03
-39.50000E-03,+35.97021E-03,-12.64760E-03
-39.45000E-03,+40.30992E-03,-12.04460E-03
-39.40000E-03,+41.88181E-03,-13.43151E-03
-39.35000E-03,+38.53296E-03,-9.10991E-03
-39.30000E-03,+38.43054E-03,-10.29587E-03
-39.25000E-03,+35.11592E-03,-9.73303E-03
-39.20000E-03,+39.25056E-03,-11.76320E-03
-39.15000E-03,+35.76515E-03,-11.03957E-03
-39.10000E-03,+38.19131E-03,-11.16019E-03
-39.05000E-03,+40.75412E-03,-13.55214E-03
-39.00000E-03,+41.60839E-03,-12.64761E-03
-38.95000E-03,+39.96816E-03,-11.22047E-03
-38.90000E-03,+38.63552E-03,-12.26572E-03
-38.85000E-03,+35.93601E-03,-11.54209E-03
-38.80000E-03,+34.77422E-03,-11.03957E-03
-38.75000E-03,+33.92000E-03,-10.03459E-03
-38.70000E-03,+36.20942E-03,-12.54711E-03
-38.65000E-03,+38.80643E-03,-10.53706E-03
-38.60000E-03,+38.63554E-03,-13.33105E-03
-38.55000E-03,+33.06568E-03,-11.03957E-03
-38.50000E-03,+40.41239E-03,-10.63757E-03
-38.45000E-03,+38.12294E-03,-13.57224E-03
-38.40000E-03,+37.98631E-03,-14.55716E-03
-38.35000E-03,+35.62850E-03,-12.90893E-03
-38.30000E-03,+34.70597E-03,-11.82350E-03
-38.25000E-03,+38.36214E-03,-12.14509E-03
-38.20000E-03,+33.27072E-03,-9.65265E-03
-38.15000E-03,+38.97723E-03,-15.01946E-03
-38.10000E-03,+35.83348E-03,-11.58228E-03
-38.05000E-03,+37.74706E-03,-11.92400E-03
-38.00000E-03,+33.91995E-03,-11.03957E-03
-37.95000E-03,+36.58525E-03,-12.38628E-03
-37.90000E-03,+39.28479E-03,-12.18531E-03
-37.85000E-03,+40.99324E-03,-12.92901E-03
-37.80000E-03,+38.02052E-03,-12.02450E-03
-37.75000E-03,+36.82445E-03,-11.03957E-03
-37.70000E-03,+35.62850E-03,-11.68280E-03
-37.65000E-03,+39.07973E-03,-13.02954E-03
-37.60000E-03,+37.64455E-03,-13.04962E-03
-37.55000E-03,+39.89985E-03,-13.23050E-03
-37.50000E-03,+48.44254E-03,-15.05967E-03
-37.45000E-03,+36.17518E-03,-13.63253E-03
-37.40000E-03,+34.77422E-03,-12.38631E-03
-37.35000E-03,+36.14112E-03,-10.27575E-03
-37.30000E-03,+42.94101E-03,-10.39637E-03
-37.25000E-03,+39.55812E-03,-11.64260E-03
-37.20000E-03,+34.87678E-03,-10.53706E-03
-37.15000E-03,+35.73099E-03,-10.91899E-03
-37.10000E-03,+38.05459E-03,-11.46166E-03
-37.05000E-03,+35.62850E-03,-10.75816E-03
-37.00000E-03,+39.72902E-03,-11.14010E-03
-36.95000E-03,+43.76113E-03,-10.65767E-03
-36.90000E-03,+40.48070E-03,-12.54711E-03
-36.85000E-03,+37.40537E-03,-13.08982E-03
-36.80000E-03,+38.84057E-03,-11.30090E-03
-36.75000E-03,+40.41250E-03,-11.54209E-03
-36.70000E-03,+35.62850E-03,-10.31595E-03
-36.65000E-03,+36.38020E-03,-11.90389E-03
-36.60000E-03,+40.65160E-03,-8.20543E-03
-36.55000E-03,+36.58524E-03,-10.07473E-03
-36.50000E-03,+33.57827E-03,-8.72800E-03
-36.45000E-03,+35.08175E-03,-11.72298E-03
-36.40000E-03,+36.44862E-03,-13.04962E-03
-36.35000E-03,+34.46671E-03,-11.20039E-03
-36.30000E-03,+41.06160E-03,-11.62250E-03
-36.25000E-03,+38.19130E-03,-11.54209E-03
-36.20000E-03,+33.78328E-03,-11.03957E-03
-36.15000E-03,+39.35315E-03,-11.72301E-03
-36.10000E-03,+42.08683E-03,-11.24054E-03
-36.05000E-03,+40.13902E-03,-12.86871E-03
-36.00000E-03,+35.97016E-03,-10.83855E-03
-35.95000E-03,+37.43959E-03,-14.59738E-03
-35.90000E-03,+36.03849E-03,-10.71794E-03
-35.85000E-03,+36.85868E-03,-12.68781E-03
-35.80000E-03,+39.31890E-03,-10.75816E-03
-35.75000E-03,+33.57823E-03,-9.33102E-03
-35.70000E-03,+34.97926E-03,-9.41142E-03
-35.65000E-03,+32.41648E-03,-11.62250E-03
-35.60000E-03,+36.20946E-03,-11.16015E-03
-35.55000E-03,+37.95207E-03,-9.02952E-03
-35.50000E-03,+35.11592E-03,-10.73806E-03
-35.45000E-03,+34.29585E-03,-9.31092E-03
-35.40000E-03,+33.54410E-03,-10.67777E-03
-35.35000E-03,+34.87675E-03,-11.66271E-03
-35.30000E-03,+35.69681E-03,-11.03957E-03
-35.25000E-03,+36.31193E-03,-12.64760E-03
-35.20000E-03,+35.93602E-03,-12.08477E-03
-35.15000E-03,+37.30290E-03,-11.76322E-03
-35.10000E-03,+35.62850E-03,-11.22046E-03
-35.05000E-03,+32.21141E-03,-9.45162E-03
-35.00000E-03,+34.77426E-03,-10.53703E-03
-34.95000E-03,+34.91089E-03,-9.45164E-03
-34.90000E-03,+37.67883E-03,-11.74314E-03
-34.85000E-03,+36.89280E-03,-11.54209E-03
-34.80000E-03,+38.66964E-03,-12.86871E-03
-34.75000E-03,+35.97024E-03,-12.14506E-03
-34.70000E-03,+38.19131E-03,-12.02449E-03
-34.65000E-03,+33.91995E-03,-11.09986E-03
-34.60000E-03,+32.68977E-03,-10.53706E-03
-34.55000E-03,+33.44154E-03,-11.54209E-03
-34.50000E-03,+35.11595E-03,-11.44160E-03
-34.45000E-03,+37.09789E-03,-13.67275E-03
-34.40000E-03,+37.98624E-03,-10.65769E-03
-34.35000E-03,+35.42352E-03,-8.56720E-03
-34.30000E-03,+35.42349E-03,-12.30592E-03
-34.25000E-03,+35.79930E-03,-13.04962E-03
-34.20000E-03,+39.79737E-03,-11.09985E-03
-34.15000E-03,+35.38928E-03,-11.03957E-03
-34.10000E-03,+34.77422E-03,-12.42649E-03
-34.05000E-03,+36.51692E-03,-11.09984E-03
-34.00000E-03,+35.28682E-03,-12.94913E-03
-33.95000E-03,+38.19131E-03,-9.35114E-03
-33.90000E-03,+42.01846E-03,-12.28581E-03
-33.85000E-03,+38.77220E-03,-11.36120E-03
-33.80000E-03,+45.02548E-03,-15.14009E-03
-33.75000E-03,+43.31682E-03,-12.54711E-03
-33.70000E-03,+32.34808E-03,-10.11494E-03
-33.65000E-03,+33.88573E-03,-11.20037E-03
-33.60000E-03,+32.21141E-03,-11.54209E-03
-33.55000E-03,+35.38933E-03,-11.36117E-03
-33.50000E-03,+36.65372E-03,-11.84362E-03
-33.45000E-03,+40.78831E-03,-14.07476E-03
-33.40000E-03,+38.29380E-03,-11.09986E-03
-33.35000E-03,+40.65168E-03,-13.77326E-03
-33.30000E-03,+36.27767E-03,-12.26569E-03
-33.25000E-03,+34.77422E-03,-11.44155E-03
-33.20000E-03,+37.33704E-03,-11.54209E-03
-33.15000E-03,+39.04558E-03,-12.58732E-03
-33.10000E-03,+39.11390E-03,-13.97427E-03
-33.05000E-03,+39.89985E-03,-12.90889E-03
-33.00000E-03,+35.11591E-03,-10.93910E-03
-32.95000E-03,+35.35508E-03,-12.82851E-03
-32.90000E-03,+38.66974E-03,-10.17526E-03
-32.85000E-03,+37.43957E-03,-13.10993E-03
-32.80000E-03,+39.89985E-03,-10.55715E-03
-32.75000E-03,+39.04558E-03,-10.53706E-03
-32.70000E-03,+38.19131E-03,-11.14013E-03
-32.65000E-03,+37.74711E-03,-12.04460E-03
-32.60000E-03,+40.17324E-03,-14.23553E-03
-32.55000E-03,+38.90888E-03,-11.46167E-03
-32.50000E-03,+37.33700E-03,-12.54710E-03
-32.45000E-03,+34.63756E-03,-14.81850E-03
-32.40000E-03,+33.03146E-03,-11.01944E-03
-32.35000E-03,+35.59429E-03,-9.27072E-03
-32.30000E-03,+33.13408E-03,-10.53706E-03
-32.25000E-03,+38.02044E-03,-12.94911E-03
-32.20000E-03,+35.56012E-03,-13.47169E-03
-32.15000E-03,+36.48277E-03,-10.65764E-03
-32.10000E-03,+32.34815E-03,-12.62755E-03
-32.05000E-03,+33.71485E-03,-10.25564E-03
-32.00000E-03,+39.55822E-03,-13.95417E-03
-31.95000E-03,+36.68781E-03,-13.67275E-03
-31.90000E-03,+37.47376E-03,-13.17026E-03
-31.85000E-03,+41.60839E-03,-13.08981E-03
-31.80000E-03,+39.01133E-03,-9.67277E-03
-31.75000E-03,+37.67873E-03,-10.93905E-03
-31.70000E-03,+33.54405E-03,-11.32097E-03
-31.65000E-03,+39.04558E-03,-12.04460E-03
-31.60000E-03,+39.69479E-03,-11.09989E-03
-31.55000E-03,+37.30289E-03,-12.54711E-03
-31.50000E-03,+40.24162E-03,-10.23559E-03
-31.45000E-03,+36.72200E-03,-11.54209E-03
-31.40000E-03,+37.37117E-03,-11.80338E-03
-31.35000E-03,+33.09979E-03,-10.69788E-03
-31.30000E-03,+29.92200E-03,-11.54209E-03
-31.25000E-03,+38.19133E-03,-14.05458E-03
-31.20000E-03,+41.74506E-03,-7.86372E-03
-31.15000E-03,+33.91995E-03,-9.71296E-03
-31.10000E-03,+39.45561E-03,-9.79335E-03
-31.05000E-03,+37.33704E-03,-11.54209E-03
-31.00000E-03,+37.16626E-03,-11.74311E-03
-30.95000E-03,+40.61736E-03,-12.48677E-03
-30.90000E-03,+34.02245E-03,-9.53204E-03
-30.85000E-03,+35.38932E-03,-11.54209E-03
-30.80000E-03,+40.00240E-03,-12.48679E-03
-30.75000E-03,+37.33714E-03,-11.94412E-03
-30.70000E-03,+37.33704E-03,-12.54711E-03
-30.65000E-03,+38.90886E-03,-15.05967E-03
-30.60000E-03,+32.48470E-03,-12.54711E-03
-30.55000E-03,+39.48984E-03,-13.55214E-03
-30.50000E-03,+35.62839E-03,-13.45161E-03
-30.45000E-03,+38.94311E-03,-9.08980E-03
-30.40000E-03,+40.51491E-03,-12.18531E-03
-30.35000E-03,+41.64240E-03,-10.15517E-03
-30.30000E-03,+35.62850E-03,-10.01446E-03
-30.25000E-03,+34.26162E-03,-11.14006E-03
-30.20000E-03,+38.66978E-03,-13.00946E-03
-30.15000E-03,+39.83159E-03,-9.79333E-03
-30.10000E-03,+40.75412E-03,-12.04460E-03
-30.05000E-03,+36.92693E-03,-13.04962E-03
-30.00000E-03,+41.60835E-03,-15.56215E-03
-29.95000E-03,+40.48080E-03,-14.97928E-03
-29.90000E-03,+37.33704E-03,-11.72301E-03
-29.85000E-03,+39.86564E-03,-12.00435E-03
-29.80000E-03,+35.01338E-03,-10.21546E-03
-29.75000E-03,+36.31189E-03,-11.64254E-03
-29.70000E-03,+33.88576E-03,-12.06471E-03
-29.65000E-03,+37.43953E-03,-10.83851E-03
-29.60000E-03,+36.85869E-03,-14.55716E-03
-29.55000E-03,+37.81545E-03,-14.33607E-03
-29.50000E-03,+35.79941E-03,-11.74310E-03
-29.45000E-03,+38.80645E-03,-14.55716E-03
-29.40000E-03,+36.34604E-03,-13.43149E-03
-29.35000E-03,+32.34805E-03,-11.50190E-03
-29.30000E-03,+30.50287E-03,-12.04460E-03
-29.25000E-03,+34.94512E-03,-12.64764E-03
-29.20000E-03,+37.43951E-03,-9.47176E-03
-29.15000E-03,+40.27569E-03,-13.83357E-03
-29.10000E-03,+39.79732E-03,-13.17025E-03
-29.05000E-03,+36.48277E-03,-15.03959E-03
-29.00000E-03,+35.97016E-03,-13.45158E-03
-28.95000E-03,+35.86774E-03,-12.50695E-03
-28.90000E-03,+39.07971E-03,-12.54711E-03
-28.85000E-03,+37.06365E-03,-12.54711E-03
-28.80000E-03,+32.48482E-03,-11.62250E-03
-28.75000E-03,+35.62847E-03,-10.53706E-03
-28.70000E-03,+39.48987E-03,-13.04962E-03
-28.65000E-03,+39.28469E-03,-11.86367E-03
-28.60000E-03,+37.37125E-03,-10.27574E-03
-28.55000E-03,+37.40545E-03,-13.73305E-03
-28.50000E-03,+35.28685E-03,-11.94408E-03
-28.45000E-03,+35.66269E-03,-12.04460E-03
-28.40000E-03,+36.58526E-03,-12.16517E-03
-28.35000E-03,+35.01340E-03,-13.55214E-03
-28.30000E-03,+34.39837E-03,-13.61246E-03
-28.25000E-03,+38.53293E-03,-14.35614E-03
-28.20000E-03,+44.58130E-03,-11.52204E-03
-28.15000E-03,+33.85159E-03,-10.95914E-03
-28.10000E-03,+37.40536E-03,-10.03455E-03
-28.05000E-03,+36.89277E-03,-9.65262E-03
-28.00000E-03,+36.65367E-03,-12.54718E-03
-27.95000E-03,+38.29378E-03,-12.60738E-03
-27.90000E-03,+32.96308E-03,-11.90388E-03
-27.85000E-03,+36.99545E-03,-11.54209E-03
-27.80000E-03,+37.47363E-03,-12.52702E-03
-27.75000E-03,+36.48277E-03,-10.53706E-03
-27.70000E-03,+35.62850E-03,-10.03455E-03
-27.65000E-03,+39.01146E-03,-9.51196E-03
-27.60000E-03,+39.62646E-03,-11.88378E-03
-27.55000E-03,+36.34606E-03,-10.69789E-03
-27.50000E-03,+35.62852E-03,-12.54714E-03
-27.45000E-03,+35.18420E-03,-10.37628E-03
-27.40000E-03,+40.78837E-03,-12.40646E-03
-27.35000E-03,+38.22553E-03,-9.51191E-03
-27.30000E-03,+39.66070E-03,-9.57228E-03
-27.25000E-03,+34.77422E-03,-11.44164E-03
-27.20000E-03,+34.80842E-03,-10.99934E-03
-27.15000E-03,+36.38028E-03,-9.21038E-03
-27.10000E-03,+36.48277E-03,-10.53706E-03
-27.05000E-03,+35.15008E-03,-12.32602E-03
-27.00000E-03,+38.36224E-03,-10.13509E-03
-26.95000E-03,+37.78121E-03,-12.68777E-03
-26.90000E-03,+32.14304E-03,-11.50187E-03
-26.85000E-03,+31.35714E-03,-11.54209E-03
-26.80000E-03,+33.91995E-03,-10.27573E-03
-26.75000E-03,+35.97018E-03,-10.33607E-03
-26.70000E-03,+36.48277E-03,-11.32097E-03
-26.65000E-03,+39.79724E-03,-11.76316E-03
-26.60000E-03,+36.68784E-03,-12.74804E-03
-26.55000E-03,+39.96815E-03,-11.05966E-03
-26.50000E-03,+36.65360E-03,-10.83852E-03
-26.45000E-03,+37.57628E-03,-12.68784E-03
-26.40000E-03,+36.92696E-03,-15.30089E-03
-26.35000E-03,+37.61043E-03,-13.04962E-03
-26.30000E-03,+39.04558E-03,-12.78836E-03
-26.25000E-03,+33.91998E-03,-10.53706E-03
-26.20000E-03,+32.34807E-03,-11.28073E-03
-26.15000E-03,+38.22555E-03,-11.03957E-03
-26.10000E-03,+38.19131E-03,-11.78328E-03
-26.05000E-03,+41.30083E-03,-9.53204E-03
-26.00000E-03,+42.97530E-03,-12.24563E-03
-25.95000E-03,+37.30284E-03,-12.54711E-03
-25.90000E-03,+38.60126E-03,-12.22546E-03
-25.85000E-03,+39.89985E-03,-10.03455E-03
-25.80000E-03,+37.61033E-03,-11.54209E-03
-25.75000E-03,+32.04061E-03,-9.83360E-03
-25.70000E-03,+32.86063E-03,-10.27578E-03
-25.65000E-03,+34.05669E-03,-12.54711E-03
-25.60000E-03,+31.42545E-03,-10.49687E-03
-25.55000E-03,+39.69485E-03,-13.31096E-03
-25.50000E-03,+40.92490E-03,-12.24559E-03
-25.45000E-03,+39.04558E-03,-11.98433E-03
-25.40000E-03,+37.67888E-03,-11.03957E-03
-25.35000E-03,+37.33704E-03,-11.48177E-03
-25.30000E-03,+38.22545E-03,-14.97933E-03
-25.25000E-03,+40.58330E-03,-10.83852E-03
-25.20000E-03,+35.62850E-03,-10.71795E-03
-25.15000E-03,+40.00221E-03,-10.55713E-03
-25.10000E-03,+40.48073E-03,-11.68285E-03
-25.05000E-03,+41.19827E-03,-10.69789E-03
-25.00000E-03,+39.04553E-03,-13.55209E-03
-24.95000E-03,+34.91088E-03,-11.20035E-03
-24.90000E-03,+36.75611E-03,-10.67770E-03
-24.85000E-03,+34.70578E-03,-13.55214E-03
-24.80000E-03,+40.58340E-03,-11.90393E-03
-24.75000E-03,+34.43246E-03,-11.74312E-03
-24.70000E-03,+37.47383E-03,-12.06471E-03
-24.65000E-03,+40.10482E-03,-14.55716E-03
-24.60000E-03,+35.86766E-03,-12.54711E-03
-24.55000E-03,+36.00435E-03,-11.09991E-03
-24.50000E-03,+36.48277E-03,-12.84860E-03
-24.45000E-03,+39.66074E-03,-11.03957E-03
-24.40000E-03,+38.97721E-03,-12.46668E-03
-24.35000E-03,+42.53098E-03,-11.07976E-03
-24.30000E-03,+39.01130E-03,-13.81347E-03
-24.25000E-03,+37.84949E-03,-10.53706E-03
-24.20000E-03,+35.04767E-03,-11.82348E-03
-24.15000E-03,+42.94111E-03,-13.77321E-03
-24.10000E-03,+36.48277E-03,-10.53706E-03
-24.05000E-03,+39.11387E-03,-11.05966E-03
-24.00000E-03,+32.04058E-03,-11.74306E-03
-23.95000E-03,+39.83159E-03,-14.01450E-03
-23.90000E-03,+37.30292E-03,-12.80840E-03
-23.85000E-03,+37.33704E-03,-10.37624E-03
-23.80000E-03,+36.89290E-03,-9.71288E-03
-23.75000E-03,+38.19139E-03,-9.02959E-03
-23.70000E-03,+39.31889E-03,-11.86363E-03
-23.65000E-03,+40.17319E-03,-10.87878E-03
-23.60000E-03,+39.04558E-03,-9.81349E-03
-23.55000E-03,+38.12289E-03,-12.18527E-03
-23.50000E-03,+30.50287E-03,-12.04460E-03
-23.45000E-03,+36.48277E-03,-10.49683E-03
-23.40000E-03,+35.62850E-03,-11.42151E-03
-23.35000E-03,+32.21141E-03,-12.18529E-03
-23.30000E-03,+34.87679E-03,-12.32602E-03
-23.25000E-03,+35.11596E-03,-10.43659E-03
-23.20000E-03,+35.62850E-03,-11.66270E-03
-23.15000E-03,+44.68363E-03,-14.47673E-03
-23.10000E-03,+38.32794E-03,-12.16515E-03
-23.05000E-03,+38.43059E-03,-12.06476E-03
-23.00000E-03,+39.38740E-03,-13.55222E-03
-22.95000E-03,+38.56722E-03,-12.54711E-03
-22.90000E-03,+38.19131E-03,-12.26567E-03
-22.85000E-03,+35.42341E-03,-13.49182E-03
-22.80000E-03,+33.91995E-03,-13.55214E-03
-22.75000E-03,+34.77422E-03,-12.94905E-03
-22.70000E-03,+36.96127E-03,-12.54711E-03
-22.65000E-03,+38.60139E-03,-11.03957E-03
-22.60000E-03,+39.62646E-03,-9.53204E-03
-22.55000E-03,+39.48972E-03,-12.46669E-03
-22.50000E-03,+34.77428E-03,-12.54708E-03
-22.45000E-03,+35.49184E-03,-12.20537E-03
-22.40000E-03,+39.07984E-03,-12.72805E-03
-22.35000E-03,+37.33704E-03,-12.04460E-03
-22.30000E-03,+33.61239E-03,-13.55214E-03
-22.25000E-03,+39.72911E-03,-10.33611E-03
-22.20000E-03,+38.05451E-03,-11.50185E-03
-22.15000E-03,+35.73098E-03,-14.05465E-03
-22.10000E-03,+38.70402E-03,-14.05465E-03
-22.05000E-03,+40.10499E-03,-10.69781E-03
-22.00000E-03,+36.99530E-03,-13.25065E-03
-21.95000E-03,+34.56917E-03,-10.41644E-03
-21.90000E-03,+34.77422E-03,-14.63760E-03
-21.85000E-03,+34.63760E-03,-11.03957E-03
-21.80000E-03,+35.42350E-03,-11.80343E-03
-21.75000E-03,+36.31185E-03,-11.84352E-03
-21.70000E-03,+34.12486E-03,-12.20545E-03
-21.65000E-03,+30.12705E-03,-13.33106E-03
-21.60000E-03,+34.67168E-03,-12.54711E-03
-21.55000E-03,+39.66086E-03,-12.04460E-03
-21.50000E-03,+35.11602E-03,-10.53706E-03
-21.45000E-03,+37.02953E-03,-12.26563E-03
-21.40000E-03,+35.59438E-03,-10.77828E-03
-21.35000E-03,+38.19131E-03,-11.05962E-03
-21.30000E-03,+34.91094E-03,-9.02952E-03
-21.25000E-03,+33.91989E-03,-10.53706E-03
-21.20000E-03,+33.91995E-03,-11.62247E-03
-21.15000E-03,+31.93807E-03,-9.69282E-03
-21.10000E-03,+36.92702E-03,-11.56222E-03
-21.05000E-03,+38.87488E-03,-14.91901E-03
-21.00000E-03,+41.43736E-03,-15.36115E-03
-20.95000E-03,+38.12291E-03,-10.97922E-03
-20.90000E-03,+36.17532E-03,-13.19043E-03
-20.85000E-03,+34.15912E-03,-11.26071E-03
-20.80000E-03,+40.10500E-03,-14.61750E-03
-20.75000E-03,+37.33704E-03,-11.84357E-03
-20.70000E-03,+29.44354E-03,-11.78333E-03
-20.65000E-03,+34.77422E-03,-12.50689E-03
-20.60000E-03,+32.48465E-03,-11.54209E-03
-20.55000E-03,+32.86069E-03,-12.80845E-03
-20.50000E-03,+38.36223E-03,-13.04953E-03
-20.45000E-03,+34.50076E-03,-11.60235E-03
-20.40000E-03,+30.98132E-03,-10.17527E-03
-20.35000E-03,+36.38022E-03,-11.60241E-03
-20.30000E-03,+33.98823E-03,-12.48686E-03
-20.25000E-03,+30.67369E-03,-10.33609E-03
-20.20000E-03,+38.49882E-03,-10.35617E-03
-20.15000E-03,+33.95406E-03,-11.28080E-03
-20.10000E-03,+35.35510E-03,-10.21542E-03
-20.05000E-03,+34.05667E-03,-11.20041E-03
-20.00000E-03,+33.92002E-03,-13.04968E-03
-19.95000E-03,+35.62850E-03,-14.63754E-03
-19.90000E-03,+39.59225E-03,-12.70790E-03
-19.85000E-03,+39.48983E-03,-12.28579E-03
-19.80000E-03,+35.56006E-03,-13.87373E-03
-19.75000E-03,+38.19131E-03,-12.64754E-03
-19.70000E-03,+34.05676E-03,-12.06472E-03
-19.65000E-03,+37.54200E-03,-10.09483E-03
-19.60000E-03,+39.52391E-03,-9.83364E-03
-19.55000E-03,+34.67165E-03,-10.81849E-03
-19.50000E-03,+37.67878E-03,-11.14013E-03
-19.45000E-03,+35.83355E-03,-13.69278E-03
-19.40000E-03,+34.84260E-03,-10.57728E-03
-19.35000E-03,+40.54919E-03,-10.61742E-03
-19.30000E-03,+40.13914E-03,-12.66769E-03
-19.25000E-03,+36.48277E-03,-12.84864E-03
-19.20000E-03,+37.81540E-03,-14.61742E-03
-19.15000E-03,+35.11609E-03,-13.19035E-03
-19.10000E-03,+37.88368E-03,-12.42647E-03
-19.05000E-03,+34.80836E-03,-11.05965E-03
-19.00000E-03,+34.26176E-03,-11.14006E-03
-18.95000E-03,+34.70598E-03,-10.25558E-03
-18.90000E-03,+32.24552E-03,-10.03455E-03
-18.85000E-03,+33.91995E-03,-8.52701E-03
-18.80000E-03,+34.77422E-03,-8.10492E-03
-18.75000E-03,+35.62853E-03,-10.53702E-03
-18.70000E-03,+34.77422E-03,-10.53706E-03
-18.65000E-03,+37.06370E-03,-12.20538E-03
-18.60000E-03,+34.84270E-03,-10.03455E-03
-18.55000E-03,+31.90384E-03,-11.40142E-03
-18.50000E-03,+36.99526E-03,-10.13507E-03
-18.45000E-03,+35.56009E-03,-10.53706E-03
-18.40000E-03,+37.98635E-03,-12.10488E-03
-18.35000E-03,+34.87660E-03,-10.67774E-03
-18.30000E-03,+36.96119E-03,-9.69278E-03
-18.25000E-03,+36.65372E-03,-12.14516E-03
-18.20000E-03,+39.04558E-03,-10.39642E-03
-18.15000E-03,+36.61952E-03,-11.62253E-03
-18.10000E-03,+34.84253E-03,-10.11491E-03
-18.05000E-03,+36.68776E-03,-10.15513E-03
-18.00000E-03,+34.60330E-03,-13.04962E-03
-17.95000E-03,+32.58732E-03,-10.81845E-03
-17.90000E-03,+36.10695E-03,-12.18532E-03
-17.85000E-03,+36.38022E-03,-12.16524E-03
-17.80000E-03,+35.66263E-03,-14.05465E-03
-17.75000E-03,+31.01533E-03,-13.35117E-03
-17.70000E-03,+36.89305E-03,-11.90385E-03
-17.65000E-03,+39.48977E-03,-14.83851E-03
-17.60000E-03,+37.06364E-03,-12.06464E-03
-17.55000E-03,+37.02964E-03,-13.87382E-03
-17.50000E-03,+40.75395E-03,-14.05465E-03
-17.45000E-03,+36.92709E-03,-8.84854E-03
-17.40000E-03,+39.96840E-03,-11.58241E-03
-17.35000E-03,+38.15707E-03,-12.52697E-03
-17.30000E-03,+36.41432E-03,-13.87372E-03
-17.25000E-03,+36.14099E-03,-12.04460E-03
-17.20000E-03,+37.47386E-03,-13.08986E-03
-17.15000E-03,+38.49874E-03,-11.72293E-03
-17.10000E-03,+36.58514E-03,-13.04962E-03
-17.05000E-03,+32.68984E-03,-13.04962E-03
-17.00000E-03,+31.69888E-03,-11.34106E-03
-16.95000E-03,+33.68086E-03,-10.51704E-03
-16.90000E-03,+36.34601E-03,-12.00438E-03
-16.85000E-03,+34.84253E-03,-13.47177E-03
-16.80000E-03,+32.86069E-03,-13.55214E-03
-16.75000E-03,+37.16629E-03,-11.14012E-03
-16.70000E-03,+31.45958E-03,-10.03455E-03
-16.65000E-03,+34.77422E-03,-10.89885E-03
-16.60000E-03,+34.02250E-03,-12.68769E-03
-16.55000E-03,+33.85168E-03,-11.03957E-03
-16.50000E-03,+36.48277E-03,-14.55716E-03
-16.45000E-03,+35.38923E-03,-13.55214E-03
-16.40000E-03,+38.19131E-03,-12.28582E-03
-16.35000E-03,+35.04763E-03,-11.54209E-03
-16.30000E-03,+38.90886E-03,-8.94910E-03
-16.25000E-03,+37.33700E-03,-11.03955E-03
-16.20000E-03,+35.90179E-03,-12.20536E-03
-16.15000E-03,+34.80850E-03,-9.55220E-03
-16.10000E-03,+38.19131E-03,-11.52194E-03
-16.05000E-03,+37.88374E-03,-11.68275E-03
-16.00000E-03,+36.31205E-03,-12.24564E-03
-15.95000E-03,+38.12290E-03,-11.56221E-03
-15.90000E-03,+34.77422E-03,-12.66767E-03
-15.85000E-03,+36.96109E-03,-11.03957E-03
-15.80000E-03,+37.61030E-03,-11.09992E-03
-15.75000E-03,+35.45753E-03,-11.03957E-03
-15.70000E-03,+36.07264E-03,-11.30084E-03
-15.65000E-03,+32.99730E-03,-11.46164E-03
-15.60000E-03,+39.83155E-03,-12.88890E-03
-15.55000E-03,+34.97921E-03,-9.65262E-03
-15.50000E-03,+36.82444E-03,-11.64252E-03
-15.45000E-03,+35.15014E-03,-9.75316E-03
-15.40000E-03,+35.38926E-03,-10.89885E-03
-15.35000E-03,+34.56913E-03,-10.03455E-03
-15.30000E-03,+33.13395E-03,-11.01949E-03
-15.25000E-03,+30.67369E-03,-9.63252E-03
-15.20000E-03,+32.68995E-03,-8.84864E-03
-15.15000E-03,+38.15721E-03,-9.81338E-03
-15.10000E-03,+39.59239E-03,-10.51702E-03
-15.05000E-03,+37.20032E-03,-10.45664E-03
-15.00000E-03,+34.77415E-03,-11.54211E-03
-14.95000E-03,+36.89271E-03,-12.70787E-03
-14.90000E-03,+34.19328E-03,-12.86868E-03
-14.85000E-03,+38.12282E-03,-11.56223E-03
-14.80000E-03,+36.79034E-03,-12.54711E-03
-14.75000E-03,+33.91995E-03,-12.64763E-03
-14.70000E-03,+38.22552E-03,-10.01443E-03
-14.65000E-03,+36.38029E-03,-11.92404E-03
-14.60000E-03,+36.82429E-03,-9.39135E-03
-14.55000E-03,+36.00434E-03,-9.59238E-03
-14.50000E-03,+33.91995E-03,-11.64254E-03
-14.45000E-03,+31.35714E-03,-10.41644E-03
-14.40000E-03,+40.61737E-03,-10.65773E-03
-14.35000E-03,+40.82243E-03,-11.70280E-03
-14.30000E-03,+35.59418E-03,-11.16015E-03
-14.25000E-03,+39.90004E-03,-11.74307E-03
-14.20000E-03,+39.14802E-03,-9.08978E-03
-14.15000E-03,+39.28481E-03,-12.96929E-03
-14.10000E-03,+35.62850E-03,-13.17027E-03
-14.05000E-03,+37.26877E-03,-12.56719E-03
-14.00000E-03,+32.38223E-03,-10.93909E-03
-13.95000E-03,+34.39850E-03,-11.54209E-03
-13.90000E-03,+37.33704E-03,-12.58722E-03
-13.85000E-03,+37.91790E-03,-10.87875E-03
-13.80000E-03,+36.20932E-03,-12.38626E-03
-13.75000E-03,+33.06580E-03,-12.04462E-03
-13.70000E-03,+34.77422E-03,-13.55214E-03
-13.65000E-03,+39.35319E-03,-14.39638E-03
-13.60000E-03,+37.40553E-03,-14.31598E-03
-13.55000E-03,+45.19614E-03,-15.16006E-03
-13.50000E-03,+33.57817E-03,-13.45161E-03
-13.45000E-03,+34.02258E-03,-14.53704E-03
-13.40000E-03,+32.10894E-03,-12.60739E-03
-13.35000E-03,+35.73085E-03,-13.04962E-03
-13.30000E-03,+30.40028E-03,-10.97923E-03
-13.25000E-03,+34.60345E-03,-11.64266E-03
-13.20000E-03,+37.95223E-03,-12.80837E-03
-13.15000E-03,+44.10283E-03,-10.45661E-03
-13.10000E-03,+42.53097E-03,-11.16011E-03
-13.05000E-03,+34.77422E-03,-11.90383E-03
-13.00000E-03,+40.07078E-03,-15.46175E-03
-12.95000E-03,+34.60318E-03,-13.10988E-03
-12.90000E-03,+35.86773E-03,-13.19035E-03
-12.85000E-03,+35.52594E-03,-14.11497E-03
-12.80000E-03,+33.09981E-03,-13.57221E-03
-12.75000E-03,+32.89487E-03,-9.93395E-03
-12.70000E-03,+36.17527E-03,-11.03957E-03
-12.65000E-03,+38.60140E-03,-12.78834E-03
-12.60000E-03,+39.89985E-03,-12.52708E-03
-12.55000E-03,+33.78323E-03,-12.54711E-03
-12.50000E-03,+40.75412E-03,-14.05463E-03
-12.45000E-03,+40.03650E-03,-14.39640E-03
-12.40000E-03,+37.64465E-03,-13.41152E-03
-12.35000E-03,+36.85853E-03,-14.03450E-03
-12.30000E-03,+35.86761E-03,-10.35613E-03
-12.25000E-03,+37.33704E-03,-11.44168E-03
-12.20000E-03,+36.44856E-03,-12.06472E-03
-12.15000E-03,+38.94311E-03,-14.17520E-03
-12.10000E-03,+33.06568E-03,-11.26072E-03
-12.05000E-03,+33.71477E-03,-12.26568E-03
-12.00000E-03,+40.75412E-03,-10.93912E-03
-11.95000E-03,+37.54210E-03,-11.16020E-03
-11.90000E-03,+33.71481E-03,-10.65773E-03
-11.85000E-03,+32.92908E-03,-11.96424E-03
-11.80000E-03,+32.82637E-03,-11.66266E-03
-11.75000E-03,+38.19131E-03,-10.93914E-03
-11.70000E-03,+34.29587E-03,-9.08978E-03
-11.65000E-03,+35.38926E-03,-11.82354E-03
-11.60000E-03,+35.73105E-03,-10.65771E-03
-11.55000E-03,+36.55103E-03,-11.52201E-03
-11.50000E-03,+39.72904E-03,-14.35620E-03
-11.45000E-03,+34.53495E-03,-12.90887E-03
-11.40000E-03,+41.13012E-03,-10.77829E-03
-11.35000E-03,+40.75412E-03,-11.20040E-03
-11.30000E-03,+39.76313E-03,-11.46166E-03
-11.25000E-03,+39.04546E-03,-10.53701E-03
-11.20000E-03,+42.15497E-03,-10.19530E-03
-11.15000E-03,+38.46464E-03,-12.04460E-03
-11.10000E-03,+36.89278E-03,-9.77322E-03
-11.05000E-03,+34.77422E-03,-9.02952E-03
-11.00000E-03,+37.33704E-03,-11.74302E-03
-10.95000E-03,+37.33704E-03,-10.99932E-03
-10.90000E-03,+34.67175E-03,-10.65762E-03
-10.85000E-03,+37.57619E-03,-10.67774E-03
-10.80000E-03,+35.04747E-03,-12.04460E-03
-10.75000E-03,+40.24160E-03,-10.33603E-03
-10.70000E-03,+31.56220E-03,-10.29581E-03
-10.65000E-03,+38.84043E-03,-11.50186E-03
-10.60000E-03,+36.41447E-03,-10.91904E-03
-10.55000E-03,+38.15697E-03,-8.90894E-03
-10.50000E-03,+42.46267E-03,-10.93914E-03
-10.45000E-03,+38.94315E-03,-10.97932E-03
-10.40000E-03,+37.09780E-03,-9.53204E-03
-10.35000E-03,+34.77422E-03,-9.97422E-03
-10.30000E-03,+33.91995E-03,-11.05965E-03
-10.25000E-03,+34.77422E-03,-9.13000E-03
-10.20000E-03,+35.01350E-03,-9.67279E-03
-10.15000E-03,+33.98813E-03,-14.29588E-03
-10.10000E-03,+30.16137E-03,-11.72294E-03
-10.05000E-03,+39.76313E-03,-11.96417E-03
-10.00000E-03,+33.06577E-03,-11.54209E-03
-9.95000E-03,+33.20232E-03,-11.62246E-03
-9.90000E-03,+36.79039E-03,-12.04460E-03
-9.85000E-03,+42.29139E-03,-14.27568E-03
-9.80000E-03,+35.93608E-03,-11.26078E-03
-9.75000E-03,+35.28691E-03,-10.43666E-03
-9.70000E-03,+35.66271E-03,-11.05970E-03
-9.65000E-03,+38.08884E-03,-10.15510E-03
-9.60000E-03,+40.85647E-03,-12.68779E-03
-9.55000E-03,+34.39839E-03,-10.97922E-03
-9.50000E-03,+36.31200E-03,-10.83854E-03
-9.45000E-03,+33.47582E-03,-10.77832E-03
-9.40000E-03,+33.64642E-03,-11.07980E-03
-9.35000E-03,+36.34617E-03,-12.50693E-03
-9.30000E-03,+34.50056E-03,-12.16518E-03
-9.25000E-03,+36.48298E-03,-12.24558E-03
-9.20000E-03,+36.68762E-03,-11.98435E-03
-9.15000E-03,+34.53499E-03,-11.40136E-03
-9.10000E-03,+35.32083E-03,-13.49181E-03
-9.05000E-03,+33.95408E-03,-12.56719E-03
-9.00000E-03,+34.77422E-03,-12.04460E-03
-8.95000E-03,+33.91995E-03,-12.54711E-03
-8.90000E-03,+34.26188E-03,-13.77332E-03
-8.85000E-03,+35.93595E-03,-12.88879E-03
-8.80000E-03,+41.88185E-03,-13.79342E-03
-8.75000E-03,+44.17130E-03,-15.56221E-03
-8.70000E-03,+39.62657E-03,-14.21540E-03
-8.65000E-03,+37.30274E-03,-14.21543E-03
-8.60000E-03,+41.64265E-03,-15.32101E-03
-8.55000E-03,+36.41430E-03,-13.37121E-03
-8.50000E-03,+37.67862E-03,-13.25068E-03
-8.45000E-03,+36.41434E-03,-13.53201E-03
-8.40000E-03,+35.52603E-03,-13.04962E-03
-8.35000E-03,+37.84982E-03,-15.64266E-03
-8.30000E-03,+36.38017E-03,-12.10495E-03
-8.25000E-03,+37.84956E-03,-13.85362E-03
-8.20000E-03,+34.53516E-03,-12.28586E-03
-8.15000E-03,+42.46267E-03,-13.97419E-03
-8.10000E-03,+39.96815E-03,-14.05465E-03
-8.05000E-03,+38.60127E-03,-13.43156E-03
-8.00000E-03,+32.89474E-03,-13.35116E-03
-7.95000E-03,+37.98646E-03,-13.49189E-03
-7.90000E-03,+36.61932E-03,-11.90387E-03
-7.85000E-03,+35.73105E-03,-13.67279E-03
-7.80000E-03,+37.40529E-03,-14.51701E-03
-7.75000E-03,+34.09076E-03,-13.04962E-03
-7.70000E-03,+35.69670E-03,-11.40133E-03
-7.65000E-03,+32.24549E-03,-12.04460E-03
-7.60000E-03,+33.03164E-03,-12.70794E-03
-7.55000E-03,+42.05248E-03,-10.11498E-03
-7.50000E-03,+38.19140E-03,-12.04462E-03
-7.45000E-03,+38.46459E-03,-12.22561E-03
-7.40000E-03,+34.77422E-03,-13.39136E-03
-7.35000E-03,+33.47569E-03,-14.07480E-03
-7.30000E-03,+39.35316E-03,-11.86367E-03
-7.25000E-03,+35.45782E-03,-10.83852E-03
-7.20000E-03,+39.04558E-03,-9.55216E-03
-7.15000E-03,+36.58523E-03,-8.64756E-03
-7.10000E-03,+35.01338E-03,-10.53706E-03
-7.05000E-03,+36.38016E-03,-10.25563E-03
-7.00000E-03,+36.14101E-03,-9.12997E-03
-6.95000E-03,+34.33009E-03,-10.77832E-03
-6.90000E-03,+35.04777E-03,-9.06975E-03
-6.85000E-03,+36.55106E-03,-10.07472E-03
-6.80000E-03,+31.56212E-03,-10.91900E-03
-6.75000E-03,+36.48277E-03,-11.03944E-03
-6.70000E-03,+39.52393E-03,-9.02952E-03
-6.65000E-03,+41.60839E-03,-9.25057E-03
-6.60000E-03,+37.54215E-03,-9.53204E-03
-6.55000E-03,+37.33704E-03,-9.04960E-03
-6.50000E-03,+37.33681E-03,-9.83360E-03
-6.45000E-03,+35.56029E-03,-9.71291E-03
-6.40000E-03,+35.18432E-03,-11.78332E-03
-6.35000E-03,+38.46472E-03,-12.86877E-03
-6.30000E-03,+39.48966E-03,-9.27081E-03
-6.25000E-03,+39.04554E-03,-11.03952E-03
-6.20000E-03,+34.05659E-03,-9.19027E-03
-6.15000E-03,+40.20748E-03,-8.34605E-03
-6.10000E-03,+36.51703E-03,-8.74803E-03
-6.05000E-03,+47.45134E-03,-8.06478E-03
-6.00000E-03,+41.60839E-03,-9.02952E-03
-5.95000E-03,+37.30282E-03,-11.03957E-03
-5.90000E-03,+38.19131E-03,-8.02450E-03
-5.85000E-03,+38.08898E-03,-9.95406E-03
-5.80000E-03,+39.89985E-03,-12.60747E-03
-5.75000E-03,+35.62850E-03,-11.74312E-03
-5.70000E-03,+36.48277E-03,-12.04460E-03
-5.65000E-03,+33.78318E-03,-11.07980E-03
-5.60000E-03,+37.20045E-03,-11.96425E-03
-5.55000E-03,+34.32991E-03,-10.15512E-03
-5.50000E-03,+39.38724E-03,-14.15521E-03
-5.45000E-03,+36.85869E-03,-11.82346E-03
-5.40000E-03,+40.61758E-03,-13.47182E-03
-5.35000E-03,+37.23448E-03,-13.04962E-03
-5.30000E-03,+36.38039E-03,-13.00948E-03
-5.25000E-03,+39.21662E-03,-13.75322E-03
-5.20000E-03,+36.55097E-03,-12.68787E-03
-5.15000E-03,+35.21840E-03,-12.30588E-03
-5.10000E-03,+35.96997E-03,-12.54711E-03
-5.05000E-03,+36.61950E-03,-13.47171E-03
-5.00000E-03,+39.04568E-03,-11.54203E-03
-4.95000E-03,+37.33704E-03,-11.03957E-03
-4.90000E-03,+38.19131E-03,-14.39638E-03
-4.85000E-03,+37.78131E-03,-15.05967E-03
-4.80000E-03,+38.56738E-03,-13.77335E-03
-4.75000E-03,+36.99547E-03,-13.35107E-03
-4.70000E-03,+36.55120E-03,-12.10498E-03
-4.65000E-03,+39.45544E-03,-11.72291E-03
-4.60000E-03,+44.64951E-03,-16.20537E-03
-4.55000E-03,+36.48277E-03,-14.55716E-03
-4.50000E-03,+41.60839E-03,-13.25066E-03
-4.45000E-03,+31.15207E-03,-12.42648E-03
-4.40000E-03,+45.09387E-03,-17.61247E-03
-4.35000E-03,+40.61754E-03,-13.71283E-03
-4.30000E-03,+39.45554E-03,-12.80847E-03
-4.25000E-03,+34.43256E-03,-12.84865E-03
-4.20000E-03,+34.29588E-03,-14.27578E-03
-4.15000E-03,+38.19131E-03,-15.56219E-03
-4.10000E-03,+33.57848E-03,-13.79345E-03
-4.05000E-03,+36.58514E-03,-12.60733E-03
-4.00000E-03,+36.14091E-03,-12.94901E-03
-3.95000E-03,+37.95202E-03,-14.23552E-03
-3.90000E-03,+37.37111E-03,-11.28081E-03
-3.85000E-03,+31.93799E-03,-11.20041E-03
-3.80000E-03,+32.34814E-03,-10.03455E-03
-3.75000E-03,+38.19126E-03,-11.54206E-03
-3.70000E-03,+34.19322E-03,-12.62748E-03
-3.65000E-03,+39.04558E-03,-10.19532E-03
-3.60000E-03,+39.93412E-03,-14.57732E-03
-3.55000E-03,+45.87975E-03,-16.56721E-03
-3.50000E-03,+41.60839E-03,-13.85359E-03
-3.45000E-03,+34.77422E-03,-11.50183E-03
-3.40000E-03,+32.21141E-03,-10.03455E-03
-3.35000E-03,+38.19131E-03,-10.11504E-03
-3.30000E-03,+39.42141E-03,-10.25562E-03
-3.25000E-03,+41.09588E-03,-7.12006E-03
-3.20000E-03,+37.57609E-03,-10.51707E-03
-3.15000E-03,+40.82251E-03,-9.99432E-03
-3.10000E-03,+40.17302E-03,-10.99940E-03
-3.05000E-03,+36.92709E-03,-12.42654E-03
-3.00000E-03,+43.65860E-03,-13.25060E-03
-2.95000E-03,+40.54930E-03,-12.82849E-03
-2.90000E-03,+37.09779E-03,-10.61738E-03
-2.85000E-03,+39.04558E-03,-8.76833E-03
-2.80000E-03,+35.69674E-03,-11.56216E-03
-2.75000E-03,+36.48277E-03,-11.03957E-03
-2.70000E-03,+39.66056E-03,-10.35618E-03
-2.65000E-03,+34.77422E-03,-9.27076E-03
-2.60000E-03,+39.31900E-03,-9.69287E-03
-2.55000E-03,+40.61739E-03,-9.61247E-03
-2.50000E-03,+36.48272E-03,-8.02456E-03
-2.45000E-03,+35.62850E-03,-8.94915E-03
-2.40000E-03,+33.68096E-03,-9.02952E-03
-2.35000E-03,+33.95422E-03,-9.27070E-03
-2.30000E-03,+38.56739E-03,-10.07484E-03
-2.25000E-03,+37.16613E-03,-8.32609E-03
-2.20000E-03,+35.56005E-03,-10.55719E-03
-2.15000E-03,+38.73819E-03,-8.64755E-03
-2.10000E-03,+33.16799E-03,-8.74817E-03
-2.05000E-03,+38.49915E-03,-10.25562E-03
-2.00000E-03,+35.97000E-03,-11.94401E-03
-1.95000E-03,+35.62850E-03,-13.04962E-03
-1.90000E-03,+42.25749E-03,-9.45157E-03
-1.85000E-03,+41.54010E-03,-11.03957E-03
-1.80000E-03,+43.76126E-03,-8.52701E-03
-1.75000E-03,+34.60327E-03,-11.03957E-03
-1.70000E-03,+36.48277E-03,-8.80839E-03
-1.65000E-03,+32.68990E-03,-11.03957E-03
-1.60000E-03,+38.19131E-03,-7.96417E-03
-1.55000E-03,+30.60523E-03,-8.98938E-03
-1.50000E-03,+34.77422E-03,-10.73815E-03
-1.45000E-03,+39.89985E-03,-8.88876E-03
-1.40000E-03,+39.86578E-03,-9.02952E-03
-1.35000E-03,+41.33498E-03,-11.52207E-03
-1.30000E-03,+38.19131E-03,-10.87871E-03
-1.25000E-03,+34.77422E-03,-11.03951E-03
-1.20000E-03,+36.92714E-03,-12.96925E-03
-1.15000E-03,+36.48277E-03,-12.54711E-03
-1.10000E-03,+35.66277E-03,-14.05465E-03
-1.05000E-03,+37.95222E-03,-11.76331E-03
-1.00000E-03,+39.89985E-03,-13.85358E-03
-950.00E-06,+45.09392E-03,-14.09491E-03
-900.00E-06,+42.56513E-03,-14.17519E-03
-850.00E-06,+38.19131E-03,-13.04962E-03
-800.00E-06,+40.65151E-03,-14.33609E-03
-750.00E-06,+41.43739E-03,-12.34608E-03
-700.00E-06,+39.69478E-03,-13.93401E-03
-650.00E-06,+41.54000E-03,-16.06470E-03
-600.00E-06,+41.60839E-03,-16.06470E-03
-550.00E-06,+37.98634E-03,-15.94413E-03
-500.00E-06,+42.97528E-03,-16.76819E-03
-450.00E-06,+38.77206E-03,-15.40129E-03
-400.00E-06,+37.71281E-03,-16.14501E-03
-350.00E-06,+40.85669E-03,-16.12503E-03
-300.00E-06,+33.95407E-03,-15.54212E-03
-250.00E-06,+40.75412E-03,-16.06470E-03
-200.00E-06,+43.07764E-03,-16.06470E-03
-150.00E-06,+48.40850E-03,-18.31599E-03
-100.00E-06,+46.76804E-03,-17.08973E-03
-50.00E-06,+37.47377E-03,-15.56219E-03
+0.0E+00,+31.35609E-03,-12.54696E-03
+50.00E-06,+1.03453143E+00,+226.73386E-03
+100.00E-06,+1.49315535E+00,+325.44345E-03
+150.00E-06,+1.55708577E+00,+335.41259E-03
+200.00E-06,+1.53282367E+00,+325.70390E-03
+250.00E-06,+1.50377887E+00,+315.49290E-03
+300.00E-06,+1.47422144E+00,+303.99554E-03
+350.00E-06,+1.45631502E+00,+294.02547E-03
+400.00E-06,+1.42904737E+00,+280.61856E-03
+450.00E-06,+1.40089005E+00,+266.26662E-03
+500.00E-06,+1.36777850E+00,+250.06561E-03
+550.00E-06,+1.33439394E+00,+233.34212E-03
+600.00E-06,+1.30907350E+00,+219.75411E-03
+650.00E-06,+1.29810497E+00,+202.34711E-03
+700.00E-06,+1.26017490E+00,+182.62845E-03
+750.00E-06,+1.23297500E+00,+167.15110E-03
+800.00E-06,+1.21035400E+00,+146.10578E-03
+850.00E-06,+1.20088841E+00,+128.89984E-03
+900.00E-06,+1.18264096E+00,+112.29670E-03
+950.00E-06,+1.16162637E+00,+93.14108E-03
+1.00000E-03,+1.14600991E+00,+69.86464E-03
+1.05000E-03,+1.13979092E+00,+57.28169E-03
+1.10000E-03,+1.12133925E+00,+38.28681E-03
+1.15000E-03,+1.10797845E+00,+19.67371E-03
+1.20000E-03,+1.08853486E+00,+3.97528E-03
+1.25000E-03,+1.09492470E+00,-13.04997E-03
+1.30000E-03,+1.08576675E+00,-28.98957E-03
+1.35000E-03,+1.07527673E+00,-46.25584E-03
+1.40000E-03,+1.06683685E+00,-59.86395E-03
+1.45000E-03,+1.06044652E+00,-75.98458E-03
+1.50000E-03,+1.05374876E+00,-92.44677E-03
+1.55000E-03,+1.05115178E+00,-103.76360E-03
+1.60000E-03,+1.03642468E+00,-117.83367E-03
+1.65000E-03,+1.01841653E+00,-126.91913E-03
+1.70000E-03,+1.01435026E+00,-139.42174E-03
+1.75000E-03,+1.00556797E+00,-151.24058E-03
+1.80000E-03,+991.14797E-03,-159.38144E-03
+1.85000E-03,+995.11201E-03,-169.02968E-03
+1.90000E-03,+978.94893E-03,-176.78838E-03
+1.95000E-03,+967.22859E-03,-182.17544E-03
+2.00000E-03,+958.58293E-03,-189.63250E-03
+2.05000E-03,+954.27741E-03,-196.24557E-03
+2.10000E-03,+936.26975E-03,-197.89394E-03
+2.15000E-03,+940.13045E-03,-203.50188E-03
+2.20000E-03,+931.62267E-03,-206.91913E-03
+2.25000E-03,+918.77400E-03,-207.52198E-03
+2.30000E-03,+906.13100E-03,-208.02450E-03
+2.35000E-03,+899.33089E-03,-208.28577E-03
+2.40000E-03,+894.13719E-03,-207.84366E-03
+2.45000E-03,+885.42269E-03,-205.53184E-03
+2.50000E-03,+876.23106E-03,-202.49676E-03
+2.55000E-03,+880.94724E-03,-201.99434E-03
+2.60000E-03,+856.13827E-03,-193.91375E-03
+2.65000E-03,+857.91609E-03,-191.20041E-03
+2.70000E-03,+840.38567E-03,-184.00423E-03
+2.75000E-03,+841.54820E-03,-179.48165E-03
+2.80000E-03,+836.86657E-03,-172.28570E-03
+2.85000E-03,+827.74295E-03,-165.99425E-03
+2.90000E-03,+821.79728E-03,-157.10973E-03
+2.95000E-03,+818.41425E-03,-150.95914E-03
+3.00000E-03,+811.81939E-03,-141.99415E-03
+3.05000E-03,+804.26763E-03,-134.17512E-03
+3.10000E-03,+798.79990E-03,-122.85847E-03
+3.15000E-03,+787.59214E-03,-112.24544E-03
+3.20000E-03,+788.72028E-03,-104.10473E-03
+3.25000E-03,+770.64295E-03,-92.64742E-03
+3.30000E-03,+757.21425E-03,-81.57204E-03
+3.35000E-03,+751.37137E-03,-68.70765E-03
+3.40000E-03,+742.72631E-03,-57.21039E-03
+3.45000E-03,+740.50470E-03,-48.86849E-03
+3.50000E-03,+734.08058E-03,-35.36095E-03
+3.55000E-03,+732.09895E-03,-27.01931E-03
+3.60000E-03,+738.24965E-03,-14.61726E-03
+3.65000E-03,+731.24479E-03,-6.89864E-03
+3.70000E-03,+722.63323E-03,+4.27711E-03
+3.75000E-03,+707.08594E-03,+14.08625E-03
+3.80000E-03,+707.63228E-03,+25.82488E-03
+3.85000E-03,+698.50872E-03,+34.70927E-03
+3.90000E-03,+692.01603E-03,+44.25698E-03
+3.95000E-03,+683.33675E-03,+52.63888E-03
+4.00000E-03,+686.92480E-03,+61.52331E-03
+4.05000E-03,+679.50950E-03,+67.91530E-03
+4.10000E-03,+665.36356E-03,+75.97573E-03
+4.15000E-03,+656.92290E-03,+81.14140E-03
+4.20000E-03,+658.01649E-03,+89.92548E-03
+4.25000E-03,+659.58834E-03,+97.10123E-03
+4.30000E-03,+646.70548E-03,+100.63885E-03
+4.35000E-03,+636.21474E-03,+105.96538E-03
+4.40000E-03,+631.53362E-03,+110.02579E-03
+4.45000E-03,+628.42401E-03,+113.82468E-03
+4.50000E-03,+627.63854E-03,+118.70924E-03
+4.55000E-03,+622.41051E-03,+120.05597E-03
+4.60000E-03,+609.93809E-03,+120.39768E-03
+4.65000E-03,+622.75176E-03,+125.52317E-03
+4.70000E-03,+598.11429E-03,+121.18143E-03
+4.75000E-03,+595.68862E-03,+121.62374E-03
+4.80000E-03,+587.89824E-03,+120.43785E-03
+4.85000E-03,+595.21028E-03,+121.38250E-03
+4.90000E-03,+588.58148E-03,+119.77453E-03
+4.95000E-03,+585.91598E-03,+117.94528E-03
+5.00000E-03,+578.94501E-03,+113.58347E-03
+5.05000E-03,+573.06728E-03,+109.46277E-03
+5.10000E-03,+565.78901E-03,+105.02063E-03
+5.15000E-03,+567.90812E-03,+100.49805E-03
+5.20000E-03,+556.97310E-03,+93.62367E-03
+5.25000E-03,+553.48784E-03,+87.65379E-03
+5.30000E-03,+553.24847E-03,+82.91014E-03
+5.35000E-03,+550.54921E-03,+77.96542E-03
+5.40000E-03,+557.34915E-03,+73.16136E-03
+5.45000E-03,+554.44440E-03,+66.78950E-03
+5.50000E-03,+549.04558E-03,+57.80448E-03
+5.55000E-03,+531.65325E-03,+49.40254E-03
+5.60000E-03,+545.21809E-03,+42.56833E-03
+5.65000E-03,+532.81442E-03,+36.85979E-03
+5.70000E-03,+525.26214E-03,+28.49788E-03
+5.75000E-03,+515.89996E-03,+17.70387E-03
+5.80000E-03,+515.42181E-03,+8.90002E-03
+5.85000E-03,+503.80296E-03,+3.19138E-03
+5.90000E-03,+512.51705E-03,-5.63261E-03
+5.95000E-03,+505.75063E-03,-12.44678E-03
+6.00000E-03,+499.66863E-03,-20.68795E-03
+6.05000E-03,+511.52580E-03,-27.58239E-03
+6.10000E-03,+499.56594E-03,-34.87887E-03
+6.15000E-03,+490.06686E-03,-42.15536E-03
+6.20000E-03,+491.39917E-03,-47.96430E-03
+6.25000E-03,+493.51776E-03,-56.76835E-03
+6.30000E-03,+487.53804E-03,-62.63763E-03
+6.35000E-03,+481.76275E-03,-68.66775E-03
+6.40000E-03,+484.15524E-03,-76.16537E-03
+6.45000E-03,+476.22695E-03,-80.92912E-03
+6.50000E-03,+472.84451E-03,-87.01951E-03
+6.55000E-03,+470.24723E-03,-89.45167E-03
+6.60000E-03,+466.07880E-03,-91.94409E-03
+6.65000E-03,+469.25693E-03,-96.54721E-03
+6.70000E-03,+459.89346E-03,-98.53713E-03
+6.75000E-03,+452.51321E-03,-101.08993E-03
+6.80000E-03,+451.04339E-03,-104.62755E-03
+6.85000E-03,+458.42441E-03,-108.52701E-03
+6.90000E-03,+450.56464E-03,-108.64751E-03
+6.95000E-03,+450.08625E-03,-110.39625E-03
+7.00000E-03,+452.85456E-03,-111.54208E-03
+7.05000E-03,+445.50759E-03,-110.37615E-03
+7.10000E-03,+439.93810E-03,-108.52701E-03
+7.15000E-03,+432.96724E-03,-106.51696E-03
+7.20000E-03,+443.18415E-03,-107.56211E-03
+7.25000E-03,+433.03517E-03,-104.40626E-03
+7.30000E-03,+439.18688E-03,-103.64266E-03
+7.35000E-03,+434.50511E-03,-100.74808E-03
+7.40000E-03,+424.04853E-03,-96.64754E-03
+7.45000E-03,+419.09340E-03,-92.54693E-03
+7.50000E-03,+419.19633E-03,-87.42134E-03
+7.55000E-03,+415.36938E-03,-81.47170E-03
+7.60000E-03,+409.76499E-03,-77.19025E-03
+7.65000E-03,+405.15229E-03,-73.81330E-03
+7.70000E-03,+404.87929E-03,-68.28570E-03
+7.75000E-03,+406.21165E-03,-63.50178E-03
+7.80000E-03,+401.11971E-03,-58.19521E-03
+7.85000E-03,+388.54501E-03,-51.42137E-03
+7.90000E-03,+400.88063E-03,-47.64248E-03
+7.95000E-03,+387.28039E-03,-37.99413E-03
+8.00000E-03,+380.07028E-03,-34.25558E-03
+8.05000E-03,+371.52829E-03,-26.01427E-03
+8.10000E-03,+383.38534E-03,-18.61750E-03
+8.15000E-03,+379.18214E-03,-15.76301E-03
+8.20000E-03,+367.42688E-03,-10.03455E-03
+8.25000E-03,+367.25645E-03,-4.30594E-03
+8.30000E-03,+365.75318E-03,+3.57374E-03
+8.35000E-03,+363.80519E-03,+8.83990E-03
+8.40000E-03,+356.83452E-03,+11.05117E-03
+8.45000E-03,+358.61128E-03,+19.09112E-03
+8.50000E-03,+345.55820E-03,+22.02579E-03
+8.55000E-03,+349.76103E-03,+28.07622E-03
+8.60000E-03,+357.72284E-03,+31.67399E-03
+8.65000E-03,+353.34946E-03,+36.49830E-03
+8.70000E-03,+350.13710E-03,+39.61387E-03
+8.75000E-03,+344.02021E-03,+43.23178E-03
+8.80000E-03,+333.32479E-03,+45.00074E-03
+8.85000E-03,+339.68038E-03,+49.26193E-03
+8.90000E-03,+337.22058E-03,+50.54848E-03
+8.95000E-03,+322.97127E-03,+51.63387E-03
+9.00000E-03,+331.20638E-03,+55.49316E-03
+9.05000E-03,+327.82353E-03,+57.34241E-03
+9.10000E-03,+324.16731E-03,+58.68914E-03
+9.15000E-03,+315.55576E-03,+57.58347E-03
+9.20000E-03,+312.30978E-03,+58.08609E-03
+9.25000E-03,+315.48773E-03,+59.31219E-03
+9.30000E-03,+317.81097E-03,+59.95529E-03
+9.35000E-03,+314.32617E-03,+58.84991E-03
+9.40000E-03,+324.23565E-03,+60.77956E-03
+9.45000E-03,+306.39809E-03,+55.53322E-03
+9.50000E-03,+300.62359E-03,+53.78455E-03
+9.55000E-03,+301.34049E-03,+50.88993E-03
+9.60000E-03,+295.32699E-03,+48.61868E-03
+9.65000E-03,+296.07868E-03,+47.07087E-03
+9.70000E-03,+306.29608E-03,+44.27694E-03
+9.75000E-03,+300.96468E-03,+41.12108E-03
+9.80000E-03,+295.25883E-03,+38.02579E-03
+9.85000E-03,+288.49281E-03,+33.44280E-03
+9.90000E-03,+288.01392E-03,+29.54308E-03
+9.95000E-03,+289.45004E-03,+26.64887E-03
+10.00000E-03,+301.30720E-03,+23.63372E-03
+10.05000E-03,+293.89168E-03,+15.15112E-03
+10.10000E-03,+286.44225E-03,+13.06082E-03
+10.15000E-03,+286.88716E-03,+8.27690E-03
+10.20000E-03,+276.08835E-03,+5.46272E-03
+10.25000E-03,+278.58339E-03,-587.35E-06
+10.30000E-03,+272.05625E-03,-5.04970E-03
+10.35000E-03,+269.25437E-03,-8.90899E-03
+10.40000E-03,+259.92585E-03,-13.85383E-03
+10.45000E-03,+263.34313E-03,-19.20053E-03
+10.50000E-03,+270.38144E-03,-23.09987E-03
+10.55000E-03,+265.46141E-03,-26.97938E-03
+10.60000E-03,+282.10248E-03,-30.67780E-03
+10.65000E-03,+273.83365E-03,-34.11499E-03
+10.70000E-03,+275.23440E-03,-38.93914E-03
+10.75000E-03,+260.47221E-03,-42.99941E-03
+10.80000E-03,+256.47523E-03,-46.71796E-03
+10.85000E-03,+256.26976E-03,-46.77842E-03
+10.90000E-03,+257.73905E-03,-51.03976E-03
+10.95000E-03,+263.44609E-03,-54.71804E-03
+11.00000E-03,+259.61774E-03,-58.37622E-03
+11.05000E-03,+243.01039E-03,-56.98917E-03
+11.10000E-03,+246.97555E-03,-59.50200E-03
+11.15000E-03,+251.75915E-03,-63.30088E-03
+11.20000E-03,+244.61769E-03,-63.46176E-03
+11.25000E-03,+244.07045E-03,-63.30088E-03
+11.30000E-03,+242.05437E-03,-64.38627E-03
+11.35000E-03,+244.65167E-03,-65.31093E-03
+11.40000E-03,+246.70212E-03,-65.83362E-03
+11.45000E-03,+252.16875E-03,-66.77815E-03
+11.50000E-03,+253.80920E-03,-67.22044E-03
+11.55000E-03,+243.18220E-03,-64.76814E-03
+11.60000E-03,+240.07362E-03,-63.44181E-03
+11.65000E-03,+242.08841E-03,-60.98913E-03
+11.70000E-03,+237.33918E-03,-59.05971E-03
+11.75000E-03,+234.33195E-03,-57.67262E-03
+11.80000E-03,+225.27673E-03,-53.25063E-03
+11.85000E-03,+220.42473E-03,-49.19029E-03
+11.90000E-03,+211.94978E-03,-44.24556E-03
+11.95000E-03,+215.84532E-03,-43.05956E-03
+12.00000E-03,+215.53811E-03,-39.28066E-03
+12.05000E-03,+201.35714E-03,-37.39137E-03
+12.10000E-03,+213.28322E-03,-34.65766E-03
+12.15000E-03,+212.25751E-03,-31.52191E-03
+12.20000E-03,+201.28893E-03,-28.62751E-03
+12.25000E-03,+206.31198E-03,-23.70285E-03
+12.30000E-03,+211.40396E-03,-21.45156E-03
+12.35000E-03,+207.81523E-03,-17.61228E-03
+12.40000E-03,+198.24746E-03,-12.40625E-03
+12.45000E-03,+200.09262E-03,-9.69292E-03
+12.50000E-03,+189.39727E-03,-8.52709E-03
+12.55000E-03,+192.95104E-03,-3.66261E-03
+12.60000E-03,+193.08772E-03,-1.12987E-03
+12.65000E-03,+185.16028E-03,+2.56862E-03
+12.70000E-03,+196.53911E-03,+6.91025E-03
+12.75000E-03,+193.66869E-03,+9.66398E-03
+12.80000E-03,+194.62568E-03,+11.09112E-03
+12.85000E-03,+192.91687E-03,+13.46302E-03
+12.90000E-03,+186.42388E-03,+16.37743E-03
+12.95000E-03,+186.59612E-03,+18.56874E-03
+13.00000E-03,+194.35191E-03,+22.42772E-03
+13.05000E-03,+192.19915E-03,+23.37256E-03
+13.10000E-03,+181.77730E-03,+24.63882E-03
+13.15000E-03,+172.78984E-03,+23.71412E-03
+13.20000E-03,+171.86756E-03,+25.26190E-03
+13.25000E-03,+168.55318E-03,+25.64384E-03
+13.30000E-03,+164.99941E-03,+25.36248E-03
+13.35000E-03,+162.91493E-03,+25.64384E-03
+13.40000E-03,+161.75292E-03,+25.52316E-03
+13.45000E-03,+155.36290E-03,+24.17643E-03
+13.50000E-03,+155.05570E-03,+24.53836E-03
+13.55000E-03,+163.83734E-03,+26.00557E-03
+13.60000E-03,+159.08772E-03,+23.63379E-03
+13.65000E-03,+162.94890E-03,+22.97044E-03
+13.70000E-03,+160.62561E-03,+22.54833E-03
+13.75000E-03,+154.37248E-03,+19.11114E-03
+13.80000E-03,+161.51419E-03,+19.45297E-03
+13.85000E-03,+158.37027E-03,+16.75938E-03
+13.90000E-03,+165.54635E-03,+17.08095E-03
+13.95000E-03,+158.88263E-03,+13.22165E-03
+14.00000E-03,+156.59285E-03,+9.96541E-03
+14.05000E-03,+158.50662E-03,+8.49800E-03
+14.10000E-03,+156.28565E-03,+6.10612E-03
+14.15000E-03,+153.00504E-03,+2.80959E-03
+14.20000E-03,+150.85248E-03,-486.81E-06
+14.25000E-03,+144.63312E-03,-185.34E-06
+14.30000E-03,+143.23278E-03,-5.87386E-03
+14.35000E-03,+147.33281E-03,-8.56725E-03
+14.40000E-03,+142.13932E-03,-9.99439E-03
+14.45000E-03,+146.23941E-03,-13.31101E-03
+14.50000E-03,+142.07111E-03,-16.56721E-03
+14.55000E-03,+143.67619E-03,-16.90880E-03
+14.60000E-03,+149.62233E-03,-18.35624E-03
+14.65000E-03,+143.57443E-03,-17.75326E-03
+14.70000E-03,+147.46984E-03,-23.03969E-03
+14.75000E-03,+130.62340E-03,-24.10490E-03
+14.80000E-03,+134.10903E-03,-26.25573E-03
+14.85000E-03,+138.82515E-03,-28.58747E-03
+14.90000E-03,+137.32075E-03,-30.95925E-03
+14.95000E-03,+140.94361E-03,-34.31603E-03
+15.00000E-03,+145.82875E-03,-35.66253E-03
+15.05000E-03,+144.39419E-03,-36.08484E-03
+15.10000E-03,+141.38797E-03,-37.87394E-03
+15.15000E-03,+131.54533E-03,-35.86349E-03
+15.20000E-03,+136.19346E-03,-37.85368E-03
+15.25000E-03,+143.26669E-03,-39.78333E-03
+15.30000E-03,+137.21831E-03,-39.66265E-03
+15.35000E-03,+127.41059E-03,-38.35603E-03
+15.40000E-03,+127.30931E-03,-38.61762E-03
+15.45000E-03,+133.01543E-03,-39.90385E-03
+15.50000E-03,+141.38708E-03,-41.79326E-03
+15.55000E-03,+134.07479E-03,-40.30594E-03
+15.60000E-03,+142.48082E-03,-42.65762E-03
+15.65000E-03,+137.55988E-03,-39.80327E-03
+15.70000E-03,+123.85785E-03,-35.40130E-03
+15.75000E-03,+120.54334E-03,-34.45670E-03
+15.80000E-03,+125.83886E-03,-34.33581E-03
+15.85000E-03,+127.71791E-03,-33.59217E-03
+15.90000E-03,+114.22146E-03,-31.14008E-03
+15.95000E-03,+121.80760E-03,-31.60247E-03
+16.00000E-03,+122.25147E-03,-28.72777E-03
+16.05000E-03,+121.80684E-03,-29.17010E-03
+16.10000E-03,+103.90214E-03,-25.08991E-03
+16.15000E-03,+109.33530E-03,-25.43161E-03
+16.20000E-03,+120.78212E-03,-25.37111E-03
+16.25000E-03,+104.82420E-03,-20.58719E-03
+16.30000E-03,+104.58583E-03,-19.50193E-03
+16.35000E-03,+108.24156E-03,-17.55201E-03
+16.40000E-03,+106.97731E-03,-15.82353E-03
+16.45000E-03,+109.71105E-03,-15.42156E-03
+16.50000E-03,+106.36209E-03,-15.36110E-03
+16.55000E-03,+99.63037E-03,-9.99426E-03
+16.60000E-03,+90.60919E-03,-8.52701E-03
+16.65000E-03,+94.33409E-03,-7.66265E-03
+16.70000E-03,+105.61089E-03,-4.72797E-03
+16.75000E-03,+107.04551E-03,-2.59728E-03
+16.80000E-03,+104.85837E-03,-2.11499E-03
+16.85000E-03,+102.53531E-03,-1.95410E-03
+16.90000E-03,+101.27085E-03,+437.90E-06
+16.95000E-03,+95.18808E-03,+3.41273E-03
+17.00000E-03,+94.23053E-03,+4.33715E-03
+17.05000E-03,+90.02828E-03,+5.76449E-03
+17.10000E-03,+84.04902E-03,+4.09627E-03
+17.15000E-03,+90.50703E-03,+7.43271E-03
+17.20000E-03,+89.54989E-03,+6.04585E-03
+17.25000E-03,+86.37207E-03,+7.05088E-03
+17.30000E-03,+84.93690E-03,+7.23174E-03
+17.35000E-03,+87.26087E-03,+7.53337E-03
+17.40000E-03,+83.77509E-03,+7.89506E-03
+17.45000E-03,+92.31766E-03,+9.98551E-03
+17.50000E-03,+79.19697E-03,+7.05100E-03
+17.55000E-03,+86.44034E-03,+8.21663E-03
+17.60000E-03,+85.68844E-03,+7.87492E-03
+17.65000E-03,+80.08492E-03,+7.05088E-03
+17.70000E-03,+84.80007E-03,+7.87496E-03
+17.75000E-03,+81.41730E-03,+6.95034E-03
+17.80000E-03,+77.28234E-03,+5.98543E-03
+17.85000E-03,+74.72009E-03,+5.42282E-03
+17.90000E-03,+76.63352E-03,+2.89012E-03
+17.95000E-03,+77.11198E-03,+3.31223E-03
+18.00000E-03,+82.10093E-03,+3.83476E-03
+18.05000E-03,+82.78463E-03,+3.39271E-03
+18.10000E-03,+75.84766E-03,-105.03E-06
+18.15000E-03,+76.05233E-03,-1.87387E-03
+18.20000E-03,+74.92498E-03,-2.49686E-03
+18.25000E-03,+81.41787E-03,-4.00440E-03
+18.30000E-03,+76.70236E-03,-3.05959E-03
+18.35000E-03,+77.48779E-03,-5.43166E-03
+18.40000E-03,+82.27207E-03,-8.08484E-03
+18.45000E-03,+86.06460E-03,-9.08970E-03
+18.50000E-03,+73.21643E-03,-8.62747E-03
+18.55000E-03,+78.20581E-03,-12.68790E-03
+18.60000E-03,+71.91801E-03,-12.28585E-03
+18.65000E-03,+81.99863E-03,-15.90385E-03
+18.70000E-03,+72.97666E-03,-12.54711E-03
+18.75000E-03,+68.94522E-03,-15.56227E-03
+18.80000E-03,+74.92498E-03,-17.33116E-03
+18.85000E-03,+69.69619E-03,-17.39125E-03
+18.90000E-03,+73.25075E-03,-20.56713E-03
+18.95000E-03,+76.08686E-03,-20.58731E-03
+19.00000E-03,+74.24163E-03,-21.49179E-03
+19.05000E-03,+72.25943E-03,-19.07977E-03
+19.10000E-03,+74.61766E-03,-22.09485E-03
+19.15000E-03,+72.19058E-03,-22.01432E-03
+19.20000E-03,+66.17695E-03,-21.59234E-03
+19.25000E-03,+64.33230E-03,-22.49694E-03
+19.30000E-03,+70.17566E-03,-24.84870E-03
+19.35000E-03,+73.35326E-03,-25.69292E-03
+19.40000E-03,+75.64271E-03,-26.57730E-03
+19.45000E-03,+67.61198E-03,-24.84853E-03
+19.50000E-03,+68.60308E-03,-25.31089E-03
+19.55000E-03,+67.71485E-03,-25.10992E-03
+19.60000E-03,+75.06144E-03,-26.47672E-03
+19.65000E-03,+70.00452E-03,-25.61244E-03
+19.70000E-03,+71.47379E-03,-25.59238E-03
+19.75000E-03,+69.45779E-03,-25.61244E-03
+19.80000E-03,+73.21643E-03,-26.11495E-03
+19.85000E-03,+77.04364E-03,-26.37621E-03
+19.90000E-03,+59.82153E-03,-22.75821E-03
+19.95000E-03,+66.82627E-03,-24.52697E-03
+20.00000E-03,+68.09103E-03,-23.60239E-03
+20.05000E-03,+65.80121E-03,-22.43664E-03
+20.10000E-03,+58.79700E-03,-21.45181E-03
+20.15000E-03,+68.91076E-03,-22.83852E-03
+20.20000E-03,+70.10696E-03,-22.23547E-03
+20.25000E-03,+62.79462E-03,-18.87868E-03
+20.30000E-03,+60.67632E-03,-20.04451E-03
+20.35000E-03,+70.10667E-03,-18.19526E-03
+20.40000E-03,+75.77925E-03,-17.85356E-03
+20.45000E-03,+65.11735E-03,-15.50180E-03
+20.50000E-03,+61.42771E-03,-16.76826E-03
+20.55000E-03,+61.49561E-03,-14.67781E-03
+20.60000E-03,+57.83955E-03,-15.05967E-03
+20.65000E-03,+62.82864E-03,-13.08978E-03
+20.70000E-03,+69.59440E-03,-12.02432E-03
+20.75000E-03,+61.08526E-03,-12.54711E-03
+20.80000E-03,+47.69066E-03,-11.32094E-03
+20.85000E-03,+54.31966E-03,-10.39631E-03
+20.90000E-03,+51.21055E-03,-9.65273E-03
+20.95000E-03,+51.07357E-03,-9.57215E-03
+21.00000E-03,+47.92985E-03,-7.62244E-03
+21.05000E-03,+50.76603E-03,-6.69782E-03
+21.10000E-03,+54.32040E-03,-6.73820E-03
+21.15000E-03,+55.61807E-03,-6.17530E-03
+21.20000E-03,+52.03013E-03,-6.51696E-03
+21.25000E-03,+55.27651E-03,-5.00938E-03
+21.30000E-03,+56.13101E-03,-4.92906E-03
+21.35000E-03,+52.16734E-03,-5.35117E-03
+21.40000E-03,+49.63817E-03,-2.99937E-03
+21.45000E-03,+55.89196E-03,-1.49183E-03
+21.50000E-03,+51.68910E-03,-1.49183E-03
+21.55000E-03,+49.33108E-03,-2.47671E-03
+21.60000E-03,+52.26940E-03,-1.81357E-03
+21.65000E-03,+45.40151E-03,-2.35620E-03
+21.70000E-03,+45.60661E-03,-2.21541E-03
+21.75000E-03,+52.88500E-03,+518.22E-06
+21.80000E-03,+44.41018E-03,-2.23564E-03
+21.85000E-03,+50.28794E-03,-24.54E-06
+21.90000E-03,+50.86885E-03,-2.11482E-03
+21.95000E-03,+52.30402E-03,-1.10988E-03
+22.00000E-03,+47.58792E-03,-1.99435E-03
+22.05000E-03,+45.40144E-03,-1.43162E-03
+22.10000E-03,+47.62194E-03,-1.41157E-03
+22.15000E-03,+47.58829E-03,-3.94405E-03
+22.20000E-03,+46.01613E-03,-5.00942E-03
+22.25000E-03,+48.44257E-03,-5.11010E-03
+22.30000E-03,+46.73402E-03,-3.82354E-03
+22.35000E-03,+43.82912E-03,-7.50197E-03
+22.40000E-03,+51.48438E-03,-6.89856E-03
+22.45000E-03,+46.01651E-03,-4.34602E-03
+22.50000E-03,+45.02563E-03,-4.50691E-03
+22.55000E-03,+46.73402E-03,-5.43158E-03
+22.60000E-03,+50.42440E-03,-4.82843E-03
+22.65000E-03,+43.31694E-03,-6.29599E-03
+22.70000E-03,+49.05779E-03,-5.97411E-03
+22.75000E-03,+51.85965E-03,-6.61728E-03
+22.80000E-03,+49.22834E-03,-7.05976E-03
+22.85000E-03,+47.58829E-03,-8.90901E-03
+22.90000E-03,+45.77754E-03,-11.18023E-03
+22.95000E-03,+44.34168E-03,-10.75812E-03
+23.00000E-03,+52.37252E-03,-13.65255E-03
+23.05000E-03,+47.79340E-03,-14.55716E-03
+23.10000E-03,+48.23731E-03,-13.43140E-03
+23.15000E-03,+41.88146E-03,-13.08978E-03
+23.20000E-03,+48.85246E-03,-13.91381E-03
+23.25000E-03,+45.36711E-03,-11.84364E-03
+23.30000E-03,+45.50380E-03,-15.78334E-03
+23.35000E-03,+47.55466E-03,-16.76844E-03
+23.40000E-03,+53.90952E-03,-16.88868E-03
+23.45000E-03,+42.49676E-03,-14.53711E-03
+23.50000E-03,+47.24674E-03,-15.56219E-03
+23.55000E-03,+52.54268E-03,-15.56219E-03
+23.60000E-03,+43.69305E-03,-15.34094E-03
+23.65000E-03,+49.77585E-03,-17.06972E-03
+23.70000E-03,+50.01435E-03,-18.73816E-03
+23.75000E-03,+48.44257E-03,-18.57731E-03
+23.80000E-03,+52.13286E-03,-18.73797E-03
+23.85000E-03,+45.53766E-03,-18.39627E-03
+23.90000E-03,+43.72691E-03,-17.06972E-03
+23.95000E-03,+43.31694E-03,-18.89882E-03
+24.00000E-03,+50.49336E-03,-19.38142E-03
+24.05000E-03,+49.15984E-03,-19.05963E-03
+24.10000E-03,+41.71083E-03,-17.12998E-03
+24.15000E-03,+42.83870E-03,-17.21038E-03
+24.20000E-03,+46.42602E-03,-18.29581E-03
+24.25000E-03,+44.68408E-03,-18.37644E-03
+24.30000E-03,+41.19819E-03,-17.45159E-03
+24.35000E-03,+42.59951E-03,-17.57224E-03
+24.40000E-03,+51.58660E-03,-18.45680E-03
+24.45000E-03,+51.21033E-03,-18.57726E-03
+24.50000E-03,+55.61915E-03,-20.68791E-03
+24.55000E-03,+49.57044E-03,-17.57224E-03
+24.60000E-03,+44.30766E-03,-15.92395E-03
+24.65000E-03,+43.96603E-03,-16.56721E-03
+24.70000E-03,+38.94330E-03,-16.04464E-03
+24.75000E-03,+43.14616E-03,-16.36630E-03
+24.80000E-03,+40.58288E-03,-16.06470E-03
+24.85000E-03,+39.96788E-03,-13.83340E-03
+24.90000E-03,+36.48277E-03,-13.89380E-03
+24.95000E-03,+44.00075E-03,-16.22559E-03
+25.00000E-03,+48.44217E-03,-17.06963E-03
+25.05000E-03,+42.01821E-03,-13.37105E-03
+25.10000E-03,+42.22378E-03,-13.71289E-03
+25.15000E-03,+45.94841E-03,-13.79330E-03
+25.20000E-03,+43.00932E-03,-14.23560E-03
+25.25000E-03,+39.72892E-03,-12.14515E-03
+25.30000E-03,+35.79974E-03,-12.02445E-03
+25.35000E-03,+40.00229E-03,-9.15003E-03
+25.40000E-03,+42.56486E-03,-9.75323E-03
+25.45000E-03,+38.19131E-03,-10.25561E-03
+25.50000E-03,+44.51260E-03,-10.23537E-03
+25.55000E-03,+43.96610E-03,-8.52701E-03
+25.60000E-03,+35.56007E-03,-9.49179E-03
+25.65000E-03,+36.82408E-03,-9.53204E-03
+25.70000E-03,+39.69491E-03,-9.15008E-03
+25.75000E-03,+35.97012E-03,-8.42641E-03
+25.80000E-03,+36.58512E-03,-8.30586E-03
+25.85000E-03,+38.43058E-03,-7.24048E-03
+25.90000E-03,+43.00916E-03,-6.45661E-03
+25.95000E-03,+41.74476E-03,-5.45177E-03
+26.00000E-03,+41.26645E-03,-6.51696E-03
+26.05000E-03,+37.40514E-03,-6.51696E-03
+26.10000E-03,+36.44876E-03,-8.02450E-03
+26.15000E-03,+39.01165E-03,-8.00454E-03
+26.20000E-03,+36.61953E-03,-8.52701E-03
+26.25000E-03,+40.75412E-03,-5.00952E-03
+26.30000E-03,+44.03461E-03,-5.59229E-03
+26.35000E-03,+43.00924E-03,-3.84364E-03
+26.40000E-03,+43.79557E-03,-3.98420E-03
+26.45000E-03,+37.33704E-03,-7.34103E-03
+26.50000E-03,+39.55838E-03,-3.90385E-03
+26.55000E-03,+40.58287E-03,-6.05474E-03
+26.60000E-03,+40.54926E-03,-8.08475E-03
+26.65000E-03,+38.43043E-03,-7.52198E-03
+26.70000E-03,+36.38009E-03,-7.52198E-03
+26.75000E-03,+35.28671E-03,-9.73309E-03
+26.80000E-03,+43.52204E-03,-8.28571E-03
+26.85000E-03,+42.32582E-03,-5.67293E-03
+26.90000E-03,+38.32783E-03,-10.57721E-03
+26.95000E-03,+35.42355E-03,-8.52701E-03
+27.00000E-03,+39.21619E-03,-8.42665E-03
+27.05000E-03,+38.94323E-03,-7.07968E-03
+27.10000E-03,+38.43059E-03,-9.09001E-03
+27.15000E-03,+37.23444E-03,-11.16027E-03
+27.20000E-03,+35.62850E-03,-10.07465E-03
+27.25000E-03,+38.70403E-03,-14.55740E-03
+27.30000E-03,+37.71259E-03,-10.57712E-03
+27.35000E-03,+34.77422E-03,-12.56712E-03
+27.40000E-03,+38.19131E-03,-10.37621E-03
+27.45000E-03,+35.35497E-03,-11.62254E-03
+27.50000E-03,+34.77455E-03,-13.55199E-03
+27.55000E-03,+34.63762E-03,-11.62244E-03
+27.60000E-03,+37.33704E-03,-14.07489E-03
+27.65000E-03,+40.27549E-03,-14.53696E-03
+27.70000E-03,+44.54741E-03,-13.55214E-03
+27.75000E-03,+35.45756E-03,-12.74821E-03
+27.80000E-03,+39.93410E-03,-15.58233E-03
+27.85000E-03,+38.94315E-03,-13.99439E-03
+27.90000E-03,+34.77422E-03,-13.97410E-03
+27.95000E-03,+37.43971E-03,-12.94936E-03
+28.00000E-03,+36.65346E-03,-14.65757E-03
+28.05000E-03,+36.44892E-03,-13.02971E-03
+28.10000E-03,+47.45145E-03,-17.06972E-03
+28.15000E-03,+45.09374E-03,-16.18516E-03
+28.20000E-03,+41.64289E-03,-17.71308E-03
+28.25000E-03,+37.50724E-03,-15.76314E-03
+28.30000E-03,+40.27581E-03,-15.84354E-03
+28.35000E-03,+44.17121E-03,-15.42143E-03
+28.40000E-03,+36.58536E-03,-13.99430E-03
+28.45000E-03,+44.06894E-03,-14.53711E-03
+28.50000E-03,+35.11577E-03,-13.85374E-03
+28.55000E-03,+35.01358E-03,-13.55214E-03
+28.60000E-03,+46.28988E-03,-16.84847E-03
+28.65000E-03,+45.60630E-03,-17.23058E-03
+28.70000E-03,+46.90447E-03,-16.90882E-03
+28.75000E-03,+46.73353E-03,-17.06948E-03
+28.80000E-03,+39.18218E-03,-15.64254E-03
+28.85000E-03,+40.20756E-03,-15.05967E-03
+28.90000E-03,+39.86552E-03,-16.30586E-03
+28.95000E-03,+37.09801E-03,-15.70279E-03
+29.00000E-03,+38.02079E-03,-13.75324E-03
+29.05000E-03,+44.10270E-03,-12.52696E-03
+29.10000E-03,+43.76149E-03,-13.99440E-03
+29.15000E-03,+41.60839E-03,-13.25038E-03
+29.20000E-03,+38.36175E-03,-12.54711E-03
+29.25000E-03,+35.97029E-03,-12.84857E-03
+29.30000E-03,+41.84734E-03,-15.44153E-03
+29.35000E-03,+35.62850E-03,-13.51189E-03
+29.40000E-03,+40.54935E-03,-11.03957E-03
+29.45000E-03,+42.25772E-03,-14.93912E-03
+29.50000E-03,+36.14114E-03,-13.65274E-03
+29.55000E-03,+38.66962E-03,-10.31591E-03
+29.60000E-03,+40.03629E-03,-11.54209E-03
+29.65000E-03,+37.54223E-03,-11.03957E-03
+29.70000E-03,+41.81292E-03,-8.52701E-03
+29.75000E-03,+35.79927E-03,-10.73821E-03
+29.80000E-03,+37.40513E-03,-11.18037E-03
+29.85000E-03,+38.15731E-03,-10.27580E-03
+29.90000E-03,+37.91786E-03,-10.53706E-03
+29.95000E-03,+38.19131E-03,-9.10997E-03
+30.00000E-03,+37.33712E-03,-8.52691E-03
+30.05000E-03,+37.61024E-03,-9.45168E-03
+30.10000E-03,+37.61032E-03,-8.52701E-03
+30.15000E-03,+34.77422E-03,-10.03455E-03
+30.20000E-03,+33.91995E-03,-8.52701E-03
+30.25000E-03,+35.45756E-03,-8.52701E-03
+30.30000E-03,+34.80848E-03,-7.48168E-03
+30.35000E-03,+37.64432E-03,-6.95922E-03
+30.40000E-03,+34.77422E-03,-8.16515E-03
+30.45000E-03,+36.38009E-03,-6.57736E-03
+30.50000E-03,+40.75370E-03,-7.72304E-03
+30.55000E-03,+37.54215E-03,-8.76832E-03
+30.60000E-03,+36.61962E-03,-9.45153E-03
+30.65000E-03,+33.33871E-03,-8.44671E-03
+30.70000E-03,+35.83344E-03,-8.04480E-03
+30.75000E-03,+37.84969E-03,-6.61731E-03
+30.80000E-03,+41.50605E-03,-10.09475E-03
+30.85000E-03,+38.80630E-03,-8.16525E-03
+30.90000E-03,+36.65447E-03,-7.40128E-03
+30.95000E-03,+41.74474E-03,-8.46686E-03
+31.00000E-03,+37.50781E-03,-8.62746E-03
+31.05000E-03,+38.19131E-03,-8.70786E-03
+31.10000E-03,+35.18436E-03,-10.03455E-03
+31.15000E-03,+33.64650E-03,-12.36631E-03
+31.20000E-03,+41.02766E-03,-9.27088E-03
+31.25000E-03,+37.33678E-03,-10.03455E-03
+31.30000E-03,+34.91082E-03,-9.53204E-03
+31.35000E-03,+35.59407E-03,-10.35606E-03
+31.40000E-03,+38.66996E-03,-8.26565E-03
+31.45000E-03,+37.88369E-03,-9.89394E-03
+31.50000E-03,+36.82422E-03,-12.94907E-03
+31.55000E-03,+33.16845E-03,-10.05470E-03
+31.60000E-03,+37.54189E-03,-13.04962E-03
+31.65000E-03,+30.74198E-03,-10.89892E-03
+31.70000E-03,+32.41678E-03,-12.04460E-03
+31.75000E-03,+40.75412E-03,-10.23535E-03
+31.80000E-03,+36.68788E-03,-12.28590E-03
+31.85000E-03,+39.11401E-03,-12.50686E-03
+31.90000E-03,+37.40529E-03,-15.01952E-03
+31.95000E-03,+35.38904E-03,-15.05967E-03
+32.00000E-03,+38.53293E-03,-14.65751E-03
+32.05000E-03,+39.89985E-03,-12.92922E-03
+32.10000E-03,+41.12983E-03,-15.92394E-03
+32.15000E-03,+37.23444E-03,-13.55214E-03
+32.20000E-03,+38.97741E-03,-15.54214E-03
+32.25000E-03,+36.82430E-03,-13.25053E-03
+32.30000E-03,+37.16575E-03,-14.27555E-03
+32.35000E-03,+38.60145E-03,-12.54711E-03
+32.40000E-03,+39.31903E-03,-12.56706E-03
+32.45000E-03,+38.15766E-03,-15.22058E-03
+32.50000E-03,+35.62884E-03,-12.54731E-03
+32.55000E-03,+39.04558E-03,-15.05967E-03
+32.60000E-03,+35.90178E-03,-14.21540E-03
+32.65000E-03,+39.89985E-03,-15.56219E-03
+32.70000E-03,+37.81508E-03,-14.87872E-03
+32.75000E-03,+34.43278E-03,-14.45661E-03
+32.80000E-03,+40.68561E-03,-13.51183E-03
+32.85000E-03,+37.43946E-03,-13.17012E-03
+32.90000E-03,+38.43042E-03,-12.76832E-03
+32.95000E-03,+39.69448E-03,-14.49676E-03
+33.00000E-03,+39.04558E-03,-13.15028E-03
+33.05000E-03,+38.84047E-03,-12.66776E-03
+33.10000E-03,+40.03671E-03,-10.07480E-03
+33.15000E-03,+39.83160E-03,-11.50194E-03
+33.20000E-03,+34.53477E-03,-13.06993E-03
+33.25000E-03,+34.77422E-03,-11.74304E-03
+33.30000E-03,+34.29592E-03,-10.25570E-03
+33.35000E-03,+35.01351E-03,-14.19540E-03
+33.40000E-03,+31.76754E-03,-11.84385E-03
+33.45000E-03,+33.91995E-03,-13.04962E-03
+33.50000E-03,+33.91952E-03,-11.74299E-03
+33.55000E-03,+39.04558E-03,-11.03957E-03
+33.60000E-03,+34.36409E-03,-9.77329E-03
+33.65000E-03,+33.57868E-03,-10.69792E-03
+33.70000E-03,+33.47599E-03,-9.69294E-03
+33.75000E-03,+32.21150E-03,-11.03968E-03
+33.80000E-03,+37.20044E-03,-13.04962E-03
+33.85000E-03,+35.62850E-03,-10.69781E-03
+33.90000E-03,+38.19131E-03,-11.03957E-03
+33.95000E-03,+36.48277E-03,-10.53706E-03
+34.00000E-03,+34.09090E-03,-9.53204E-03
+34.05000E-03,+38.90855E-03,-10.03455E-03
+34.10000E-03,+32.31383E-03,-10.21530E-03
+34.15000E-03,+34.29601E-03,-11.03957E-03
+34.20000E-03,+34.02264E-03,-11.60249E-03
+34.25000E-03,+38.36199E-03,-11.64248E-03
+34.30000E-03,+37.33704E-03,-10.53706E-03
+34.35000E-03,+35.62850E-03,-12.04460E-03
+34.40000E-03,+35.69675E-03,-10.99942E-03
+34.45000E-03,+38.84064E-03,-8.28591E-03
+34.50000E-03,+36.65380E-03,-9.63264E-03
+34.55000E-03,+34.67189E-03,-10.03455E-03
+34.60000E-03,+35.38921E-03,-10.75806E-03
+34.65000E-03,+32.96308E-03,-10.41635E-03
+34.70000E-03,+38.12315E-03,-10.55711E-03
+34.75000E-03,+35.45773E-03,-8.22540E-03
+34.80000E-03,+31.18584E-03,-10.71791E-03
+34.85000E-03,+33.44183E-03,-10.03455E-03
+34.90000E-03,+38.46477E-03,-10.21535E-03
+34.95000E-03,+38.90881E-03,-9.10998E-03
+35.00000E-03,+36.48268E-03,-10.53696E-03
+35.05000E-03,+38.77239E-03,-10.29601E-03
+35.10000E-03,+37.02932E-03,-11.38133E-03
+35.15000E-03,+36.07281E-03,-11.28073E-03
+35.20000E-03,+41.84741E-03,-13.87369E-03
+35.25000E-03,+42.80411E-03,-12.04460E-03
+35.30000E-03,+34.67144E-03,-10.49675E-03
+35.35000E-03,+33.71511E-03,-11.48184E-03
+35.40000E-03,+33.57869E-03,-9.61259E-03
+35.45000E-03,+32.58720E-03,-9.75309E-03
+35.50000E-03,+32.89501E-03,-10.93891E-03
+35.55000E-03,+35.01315E-03,-12.92897E-03
+35.60000E-03,+35.69693E-03,-11.03957E-03
+35.65000E-03,+37.98655E-03,-12.88903E-03
+35.70000E-03,+38.43077E-03,-14.79826E-03
+35.75000E-03,+32.55303E-03,-11.64269E-03
+35.80000E-03,+32.86102E-03,-13.77329E-03
+35.85000E-03,+39.76344E-03,-14.05465E-03
+35.90000E-03,+39.59204E-03,-12.16531E-03
+35.95000E-03,+39.93393E-03,-14.05465E-03
+36.00000E-03,+36.14079E-03,-12.44666E-03
+36.05000E-03,+33.37313E-03,-11.07961E-03
+36.10000E-03,+35.56051E-03,-11.78334E-03
+36.15000E-03,+39.59250E-03,-13.55214E-03
+36.20000E-03,+44.99185E-03,-15.30104E-03
+36.25000E-03,+38.19140E-03,-11.54219E-03
+36.30000E-03,+40.89072E-03,-12.04460E-03
+36.35000E-03,+43.04366E-03,-14.03439E-03
+36.40000E-03,+35.21854E-03,-13.53193E-03
+36.45000E-03,+41.30077E-03,-14.19525E-03
+36.50000E-03,+38.53275E-03,-12.54711E-03
+36.55000E-03,+32.34846E-03,-13.04962E-03
+36.60000E-03,+37.78162E-03,-15.38144E-03
+36.65000E-03,+37.33704E-03,-13.69279E-03
+36.70000E-03,+37.81552E-03,-13.73336E-03
+36.75000E-03,+42.29154E-03,-15.36113E-03
+36.80000E-03,+38.22512E-03,-13.29094E-03
+36.85000E-03,+39.18245E-03,-14.55716E-03
+36.90000E-03,+35.62850E-03,-13.04962E-03
+36.95000E-03,+34.84329E-03,-10.51675E-03
+37.00000E-03,+40.24193E-03,-10.73828E-03
+37.05000E-03,+42.29136E-03,-14.33600E-03
+37.10000E-03,+37.09775E-03,-11.90384E-03
+37.15000E-03,+34.67162E-03,-10.97922E-03
+37.20000E-03,+34.15851E-03,-9.99445E-03
+37.25000E-03,+29.64860E-03,-11.24074E-03
+37.30000E-03,+33.91995E-03,-13.37128E-03
+37.35000E-03,+34.39807E-03,-9.79329E-03
+37.40000E-03,+37.06358E-03,-12.54711E-03
+37.45000E-03,+37.47381E-03,-11.46163E-03
+37.50000E-03,+32.21141E-03,-11.54214E-03
+37.55000E-03,+36.20958E-03,-11.11992E-03
+37.60000E-03,+31.04942E-03,-10.03455E-03
+37.65000E-03,+37.40575E-03,-14.81852E-03
+37.70000E-03,+36.17514E-03,-12.18519E-03
+37.75000E-03,+31.01571E-03,-9.53204E-03
+37.80000E-03,+39.83133E-03,-9.57234E-03
+37.85000E-03,+34.77422E-03,-10.03455E-03
+37.90000E-03,+33.78299E-03,-9.89390E-03
+37.95000E-03,+33.54417E-03,-10.03455E-03
+38.00000E-03,+34.26175E-03,-9.53204E-03
+38.05000E-03,+33.71484E-03,-10.91892E-03
+38.10000E-03,+34.91109E-03,-8.56727E-03
+38.15000E-03,+33.33868E-03,-9.61233E-03
+38.20000E-03,+35.42356E-03,-8.64756E-03
+38.25000E-03,+35.97011E-03,-10.03455E-03
+38.30000E-03,+40.95878E-03,-12.94885E-03
+38.35000E-03,+39.76345E-03,-8.30601E-03
+38.40000E-03,+39.04558E-03,-10.15526E-03
+38.45000E-03,+37.33704E-03,-11.05962E-03
+38.50000E-03,+36.48277E-03,-9.43159E-03
+38.55000E-03,+36.48277E-03,-10.53706E-03
+38.60000E-03,+40.31000E-03,-11.80334E-03
+38.65000E-03,+38.15742E-03,-13.39128E-03
+38.70000E-03,+41.02768E-03,-10.35637E-03
+38.75000E-03,+33.92005E-03,-11.03968E-03
+38.80000E-03,+37.78154E-03,-11.80356E-03
+38.85000E-03,+37.06376E-03,-12.36610E-03
+38.90000E-03,+40.37852E-03,-11.24030E-03
+38.95000E-03,+34.46659E-03,-10.35610E-03
+39.00000E-03,+35.45755E-03,-11.64264E-03
+39.05000E-03,+35.69702E-03,-12.02444E-03
+39.10000E-03,+37.23462E-03,-12.86888E-03
+39.15000E-03,+38.08917E-03,-13.63270E-03
+39.20000E-03,+39.31867E-03,-12.92880E-03
+39.25000E-03,+39.55805E-03,-10.23561E-03
+39.30000E-03,+41.84731E-03,-10.65772E-03
+39.35000E-03,+34.63735E-03,-9.57229E-03
+39.40000E-03,+36.34627E-03,-13.47184E-03
+39.45000E-03,+37.95183E-03,-13.55214E-03
+39.50000E-03,+37.50808E-03,-12.04487E-03
+39.55000E-03,+39.04558E-03,-10.97938E-03
+39.60000E-03,+36.24348E-03,-10.53706E-03
+39.65000E-03,+42.25745E-03,-13.10998E-03
+39.70000E-03,+40.00208E-03,-13.06967E-03
+39.75000E-03,+38.19131E-03,-12.14505E-03
+39.80000E-03,+34.46678E-03,-11.50205E-03
+39.85000E-03,+36.03864E-03,-9.79329E-03
+39.90000E-03,+36.17542E-03,-12.36632E-03
+39.95000E-03,+37.47382E-03,-11.54209E-03
+40.00000E-03,+39.04568E-03,-13.55225E-03
+40.05000E-03,+37.47363E-03,-13.71283E-03
+40.10000E-03,+37.06377E-03,-11.03957E-03
+40.15000E-03,+34.73986E-03,-10.53706E-03
+40.20000E-03,+32.21141E-03,-11.86364E-03
+40.25000E-03,+33.40758E-03,-11.24041E-03
+40.30000E-03,+34.84276E-03,-11.07989E-03
+40.35000E-03,+39.69502E-03,-13.04962E-03
+40.40000E-03,+37.20007E-03,-14.13522E-03
+40.45000E-03,+34.77422E-03,-10.53706E-03
+40.50000E-03,+41.77906E-03,-15.56219E-03
+40.55000E-03,+41.36948E-03,-14.79848E-03
+40.60000E-03,+35.49162E-03,-12.54711E-03
+40.65000E-03,+38.46430E-03,-14.17508E-03
+40.70000E-03,+34.12488E-03,-10.15509E-03
+40.75000E-03,+35.28688E-03,-12.84867E-03
+40.80000E-03,+35.15020E-03,-11.98441E-03
+40.85000E-03,+35.52560E-03,-12.90886E-03
+40.90000E-03,+29.95642E-03,-11.98424E-03
+40.95000E-03,+32.21141E-03,-10.07464E-03
+41.00000E-03,+37.50780E-03,-11.84342E-03
+41.05000E-03,+39.35302E-03,-12.90881E-03
+41.10000E-03,+35.32029E-03,-11.80334E-03
+41.15000E-03,+35.62850E-03,-13.89379E-03
+41.20000E-03,+33.20246E-03,-12.96916E-03
+41.25000E-03,+30.50296E-03,-11.03963E-03
+41.30000E-03,+34.63764E-03,-13.97430E-03
+41.35000E-03,+41.02739E-03,-12.20535E-03
+41.40000E-03,+37.78136E-03,-11.54209E-03
+41.45000E-03,+40.20749E-03,-11.86364E-03
+41.50000E-03,+36.65324E-03,-10.43650E-03
+41.55000E-03,+38.08851E-03,-11.01942E-03
+41.60000E-03,+35.21883E-03,-11.42160E-03
+41.65000E-03,+35.73062E-03,-11.32087E-03
+41.70000E-03,+40.85683E-03,-10.03455E-03
+41.75000E-03,+39.55805E-03,-11.54209E-03
+41.80000E-03,+39.04558E-03,-10.03455E-03
+41.85000E-03,+39.89985E-03,-11.62260E-03
+41.90000E-03,+37.20055E-03,-10.95928E-03
+41.95000E-03,+35.18408E-03,-12.16514E-03
+42.00000E-03,+37.84970E-03,-13.85370E-03
+42.05000E-03,+37.33704E-03,-10.25571E-03
+42.10000E-03,+40.75412E-03,-11.82361E-03
+42.15000E-03,+36.68799E-03,-10.09491E-03
+42.20000E-03,+37.20074E-03,-10.97944E-03
+42.25000E-03,+39.21682E-03,-9.43131E-03
+42.30000E-03,+36.48277E-03,-11.36124E-03
+42.35000E-03,+34.39805E-03,-10.79831E-03
+42.40000E-03,+33.06568E-03,-8.52701E-03
+42.45000E-03,+38.77202E-03,-8.52701E-03
+42.50000E-03,+35.62898E-03,-10.03460E-03
+42.55000E-03,+36.48277E-03,-10.95923E-03
+42.60000E-03,+40.48085E-03,-11.54209E-03
+42.65000E-03,+36.51713E-03,-11.05979E-03
+42.70000E-03,+36.79040E-03,-14.23561E-03
+42.75000E-03,+37.67846E-03,-12.14516E-03
+42.80000E-03,+39.11412E-03,-12.64790E-03
+42.85000E-03,+36.68760E-03,-11.09982E-03
+42.90000E-03,+36.00457E-03,-10.47699E-03
+42.95000E-03,+37.23433E-03,-11.54209E-03
+43.00000E-03,+36.48277E-03,-10.73812E-03
+43.05000E-03,+34.33020E-03,-11.90407E-03
+43.10000E-03,+32.99724E-03,-12.50685E-03
+43.15000E-03,+35.49201E-03,-10.49692E-03
+43.20000E-03,+34.32981E-03,-11.92405E-03
+43.25000E-03,+27.59844E-03,-10.53706E-03
+43.30000E-03,+34.56959E-03,-11.70306E-03
+43.35000E-03,+37.33704E-03,-11.26056E-03
+43.40000E-03,+39.04558E-03,-13.55214E-03
+43.45000E-03,+35.69664E-03,-13.06967E-03
+43.50000E-03,+34.09071E-03,-11.24046E-03
+43.55000E-03,+33.91995E-03,-11.90378E-03
+43.60000E-03,+40.65220E-03,-11.78335E-03
+43.65000E-03,+37.64438E-03,-12.54711E-03
+43.70000E-03,+32.21141E-03,-11.54209E-03
+43.75000E-03,+28.79432E-03,-11.54203E-03
+43.80000E-03,+27.80347E-03,-11.03957E-03
+43.85000E-03,+34.19322E-03,-9.71306E-03
+43.90000E-03,+38.22568E-03,-11.56230E-03
+43.95000E-03,+37.95231E-03,-10.39647E-03
+44.00000E-03,+37.33704E-03,-9.73316E-03
+44.05000E-03,+38.08850E-03,-12.58743E-03
+44.10000E-03,+38.94317E-03,-15.50194E-03
+44.15000E-03,+35.62850E-03,-12.10467E-03
+44.20000E-03,+39.42136E-03,-14.11507E-03
+44.25000E-03,+34.26176E-03,-13.65281E-03
+44.30000E-03,+32.21141E-03,-13.43147E-03
+44.35000E-03,+33.27100E-03,-11.54209E-03
+44.40000E-03,+33.27041E-03,-12.08474E-03
+44.45000E-03,+36.27784E-03,-14.81858E-03
+44.50000E-03,+39.89985E-03,-12.04460E-03
+44.55000E-03,+38.94327E-03,-9.97436E-03
+44.60000E-03,+37.71272E-03,-12.68787E-03
+44.65000E-03,+34.87684E-03,-12.30567E-03
+44.70000E-03,+34.84237E-03,-10.55710E-03
+44.75000E-03,+33.40719E-03,-11.03957E-03
+44.80000E-03,+35.08166E-03,-10.49703E-03
+44.85000E-03,+39.42176E-03,-12.26588E-03
+44.90000E-03,+39.21743E-03,-14.03472E-03
+44.95000E-03,+41.64197E-03,-14.13511E-03
+45.00000E-03,+37.33724E-03,-14.05459E-03
+45.05000E-03,+35.76508E-03,-12.20528E-03
+45.10000E-03,+35.04749E-03,-12.04460E-03
+45.15000E-03,+37.91884E-03,-10.79843E-03
+45.20000E-03,+37.88367E-03,-11.03957E-03
+45.25000E-03,+39.04558E-03,-10.53735E-03
+45.30000E-03,+37.43985E-03,-13.59245E-03
+45.35000E-03,+32.51865E-03,-13.73286E-03
+45.40000E-03,+36.75673E-03,-11.54209E-03
+45.45000E-03,+35.15000E-03,-10.63727E-03
+45.50000E-03,+33.74880E-03,-12.14528E-03
+45.55000E-03,+34.12508E-03,-13.69266E-03
+45.60000E-03,+36.41432E-03,-12.00434E-03
+45.65000E-03,+37.98659E-03,-12.12488E-03
+45.70000E-03,+35.83342E-03,-11.66263E-03
+45.75000E-03,+36.14116E-03,-14.35621E-03
+45.80000E-03,+33.06568E-03,-12.32595E-03
+45.85000E-03,+36.00417E-03,-9.67280E-03
+45.90000E-03,+36.79061E-03,-11.60245E-03
+45.95000E-03,+36.48277E-03,-10.57714E-03
+46.00000E-03,+31.69865E-03,-10.53706E-03
+46.05000E-03,+33.61252E-03,-12.54711E-03
+46.10000E-03,+33.98789E-03,-10.05453E-03
+46.15000E-03,+32.21141E-03,-9.87368E-03
+46.20000E-03,+41.60839E-03,-7.84383E-03
+46.25000E-03,+39.89955E-03,-10.53706E-03
+46.30000E-03,+36.48277E-03,-9.45169E-03
+46.35000E-03,+34.50096E-03,-10.21557E-03
+46.40000E-03,+37.67824E-03,-12.30596E-03
+46.45000E-03,+34.53523E-03,-9.85358E-03
+46.50000E-03,+35.62850E-03,-12.84850E-03
+46.55000E-03,+37.37131E-03,-12.08492E-03
+46.60000E-03,+39.04558E-03,-11.42160E-03
+46.65000E-03,+39.52377E-03,-10.67770E-03
+46.70000E-03,+37.81553E-03,-10.09497E-03
+46.75000E-03,+38.02015E-03,-8.32595E-03
+46.80000E-03,+43.11181E-03,-9.91388E-03
+46.85000E-03,+41.53995E-03,-10.49680E-03
+46.90000E-03,+41.60839E-03,-10.57720E-03
+46.95000E-03,+41.40347E-03,-12.80854E-03
+47.00000E-03,+34.94477E-03,-10.33611E-03
+47.05000E-03,+33.06568E-03,-10.19553E-03
+47.10000E-03,+28.55503E-03,-10.81859E-03
+47.15000E-03,+35.28730E-03,-9.77348E-03
+47.20000E-03,+39.86578E-03,-10.11471E-03
+47.25000E-03,+36.14075E-03,-8.62745E-03
+47.30000E-03,+35.62850E-03,-10.17537E-03
+47.35000E-03,+34.29614E-03,-10.53706E-03
+47.40000E-03,+39.04558E-03,-10.35628E-03
+47.45000E-03,+31.90428E-03,-9.45157E-03
+47.50000E-03,+38.19131E-03,-11.03927E-03
+47.55000E-03,+38.77242E-03,-10.19523E-03
+47.60000E-03,+33.88548E-03,-10.35604E-03
+47.65000E-03,+35.59412E-03,-11.54209E-03
+47.70000E-03,+36.48277E-03,-10.53706E-03
+47.75000E-03,+39.21654E-03,-14.15521E-03
+47.80000E-03,+38.22558E-03,-12.00428E-03
+47.85000E-03,+36.48277E-03,-11.54209E-03
+47.90000E-03,+35.49150E-03,-11.82337E-03
+47.95000E-03,+38.87524E-03,-12.54711E-03
+48.00000E-03,+36.65342E-03,-11.34102E-03
+48.05000E-03,+34.56910E-03,-10.27587E-03
+48.10000E-03,+32.99724E-03,-11.12010E-03
+48.15000E-03,+35.56026E-03,-10.65748E-03
+48.20000E-03,+36.24326E-03,-9.39115E-03
+48.25000E-03,+39.04558E-03,-9.33109E-03
+48.30000E-03,+34.87653E-03,-8.96934E-03
+48.35000E-03,+35.14990E-03,-10.81859E-03
+48.40000E-03,+35.73111E-03,-12.48675E-03
+48.45000E-03,+38.05504E-03,-10.63726E-03
+48.50000E-03,+35.97000E-03,-12.14504E-03
+48.55000E-03,+38.87421E-03,-13.04962E-03
+48.60000E-03,+39.86589E-03,-14.51720E-03
+48.65000E-03,+39.31905E-03,-15.22054E-03
+48.70000E-03,+34.91101E-03,-10.87865E-03
+48.75000E-03,+38.19079E-03,-11.54215E-03
+48.80000E-03,+39.04558E-03,-13.97431E-03
+48.85000E-03,+35.86728E-03,-14.37613E-03
+48.90000E-03,+36.96147E-03,-14.59761E-03
+48.95000E-03,+34.09029E-03,-12.36614E-03
+49.00000E-03,+36.99512E-03,-11.44152E-03
+49.05000E-03,+38.29413E-03,-10.07487E-03
+49.10000E-03,+39.35281E-03,-12.48687E-03
+49.15000E-03,+36.85885E-03,-12.10465E-03
+49.20000E-03,+37.33704E-03,-10.09497E-03
+49.25000E-03,+37.50768E-03,-11.64247E-03
+49.30000E-03,+35.83362E-03,-11.03957E-03
+49.35000E-03,+39.11403E-03,-10.99931E-03
+49.40000E-03,+38.46426E-03,-10.53706E-03
+49.45000E-03,+36.24326E-03,-10.53706E-03
+49.50000E-03,+38.19131E-03,-10.53706E-03
+49.55000E-03,+46.15343E-03,-11.26074E-03
+49.60000E-03,+42.59904E-03,-10.03455E-03
+49.65000E-03,+33.57877E-03,-12.04460E-03
+49.70000E-03,+35.76476E-03,-12.56715E-03
+49.75000E-03,+32.72418E-03,-11.03957E-03
+49.80000E-03,+37.95190E-03,-13.41131E-03
+49.85000E-03,+34.77422E-03,-11.03957E-03
+49.90000E-03,+38.19131E-03,-10.23524E-03
+49.95000E-03,+36.07240E-03,-10.11501E-03
+50.00000E-03,+32.21131E-03,-10.03467E-03
+50.05000E-03,+33.64680E-03,-10.69774E-03
